"id","dispositivo_id","timestamp","n_muestras","actividad","vedba_media","vedba_max","pitch_medio","roll_medio","sector_raw_id","medicion_rapida_id","comportamiento_predicho"
1,4,2026-08-30 11:50:50.960 +0200,13,0,0.006821531246728776,0.01489991782315617,6.07068004564491,1.9955783603182238,1,1,Standing
2,4,2026-08-30 11:50:51.960 +0200,12,0,0.007686387970346987,0.012041581698418815,6.090583571159499,2.0361629162941117,1,14,Standing
3,4,2026-08-30 11:50:52.960 +0200,13,0,0.0098731697992905,0.01750727366103816,6.04794610755241,2.1617755844869695,1,26,Standing
4,4,2026-08-30 11:50:53.960 +0200,12,0,0.009393662033452972,0.022900713887810356,6.012149680924221,2.212922547422217,1,39,Standing
5,4,2026-08-30 11:50:54.960 +0200,13,0,0.00831589951919669,0.015332035137589078,6.072084268315683,2.070580908818625,1,51,Standing
6,4,2026-08-30 11:50:55.960 +0200,12,0,0.009641073448611507,0.01470578455611977,6.216534138979749,1.9936457359317128,1,64,Standing
7,4,2026-08-30 11:50:56.960 +0200,13,0,0.007209471530988499,0.011900457900718154,6.235824474682223,2.065098563610387,1,76,Standing
8,4,2026-08-30 11:50:57.960 +0200,12,0,0.009135667268689028,0.015159743388175701,6.180724855732074,2.1164588039310894,1,89,Standing
9,4,2026-08-30 11:50:58.960 +0200,13,0,0.010606422289544507,0.016407230892831328,6.199763918920614,2.051987628273244,1,101,Standing
10,4,2026-08-30 11:50:59.960 +0200,12,0,0.023150769594751455,0.05384583645506997,6.201671568383186,2.0351447469360084,1,114,Standing
11,4,2026-08-30 11:51:00.960 +0200,13,0,0.009571831453483882,0.014146674953737507,6.138347365250834,2.0844779156810644,1,126,Standing
12,4,2026-08-30 11:51:01.960 +0200,12,0,0.008556878804700666,0.016193527248415593,6.086464282858756,2.0892667099618034,1,139,Standing
13,4,2026-08-30 11:51:02.960 +0200,13,0,0.009045294962844445,0.01333834414898794,6.153953038269704,2.0823997752257077,1,151,Standing
14,4,2026-08-30 11:51:03.960 +0200,12,0,0.009232548620174457,0.014586003831039338,6.165118956050393,2.1030697871719948,1,164,Standing
15,4,2026-08-30 11:51:04.960 +0200,13,0,0.01125891547008482,0.021478579762602305,6.16582786194095,2.1109461830182186,1,176,Standing
16,4,2026-08-30 11:51:05.960 +0200,12,0,0.0103608290508788,0.0230203906976139,6.160538628529191,2.0879079833008567,1,189,Standing
17,4,2026-08-30 11:51:06.960 +0200,13,0,0.010107538197607204,0.014696465860196024,6.126681023809529,2.0793219406447983,1,201,Standing
18,4,2026-08-30 11:51:07.960 +0200,12,0,0.00929792837464671,0.013533163873585559,6.179769268384594,2.141027618737079,1,214,Standing
19,4,2026-08-30 11:51:08.960 +0200,13,0,0.010089446803738043,0.017568802459540768,6.203296352763159,2.164953004674198,1,226,Standing
20,4,2026-08-30 11:51:09.960 +0200,12,0,0.0106935796678554,0.017324132048208214,6.174794665584474,2.1472426208644584,1,239,Standing
21,4,2026-08-30 11:51:10.960 +0200,13,0,0.01981137199588528,0.06551752008289695,6.239494584366015,2.2411437860321746,1,251,Standing
22,4,2026-08-30 11:51:11.960 +0200,12,0,0.35269881063238734,1.7728087290806627,9.536905873881492,1.0017386630488738,1,264,Walking
23,4,2026-08-30 11:51:12.960 +0200,13,0,0.2762291157023865,0.7088481453484038,11.055418971157023,1.0155108290756525,1,276,Walking
24,4,2026-08-30 11:51:13.960 +0200,12,0,0.34346762679181725,0.4391858849431291,7.448393342117794,-8.05355002866782,1,289,Walking
25,4,2026-08-30 11:51:14.960 +0200,13,0,0.2999919138730893,0.36410226580164423,-0.9565029894921714,-24.472354364668394,1,301,Walking
26,4,2026-08-30 11:51:15.960 +0200,12,0,0.40810990233787686,0.6148672873270563,-17.026828746451837,-25.61329611119268,1,314,Walking
27,4,2026-08-30 11:51:17.960 +0200,11,0,0.25134911704175145,0.8570839430752791,-35.41073551796828,19.947435438639772,1,354,Walking
28,4,2026-08-30 11:51:18.960 +0200,13,0,0.5816613843218833,0.9774970172173847,-30.744246896648374,3.578150782519373,1,365,Trotting
29,4,2026-08-30 11:51:19.960 +0200,12,0,0.6805775942055053,1.3017828172507204,-43.276803146920635,-16.3988008798761,1,378,Trotting
30,4,2026-08-30 11:51:20.960 +0200,13,0,0.19604816557532828,0.3908622215788,-59.24487222458583,-26.53623875822013,1,390,Walking
31,4,2026-08-30 11:51:21.960 +0200,12,0,0.14152248677423515,0.21471627865711135,-62.390000720478724,-26.16155364718583,1,403,Walking
32,4,2026-08-30 11:51:22.960 +0200,13,0,0.6730231539915464,1.24696697828022,-63.02834727027552,-23.250221809559587,1,415,Walking
33,4,2026-08-30 11:51:23.960 +0200,12,0,0.6387420148444244,0.9982134117019789,-68.43098151218416,10.20418255338886,1,428,Trotting
34,4,2026-08-30 11:51:24.960 +0200,13,0,0.9049625718174382,5.0527900510005335,-57.508145124891136,31.481084609758963,1,440,Trotting
35,4,2026-08-30 11:51:25.960 +0200,12,0,0.44109084213140576,0.6009882568768776,-61.06494938207345,20.068748533335043,1,453,Walking
36,4,2026-08-30 11:51:26.960 +0200,13,0,0.34013332238820126,0.4902115206919474,-58.64901943208167,5.020314406213675,1,465,Walking
37,4,2026-08-30 11:51:27.960 +0200,12,0,0.5154902777756335,0.6469411863292575,-48.75967588863313,-15.003350050850669,1,478,Walking
38,4,2026-08-30 11:51:28.960 +0200,13,0,0.9558571834776869,1.5315781908256993,-19.619622595477036,-39.43290176546221,1,490,Trotting
215,4,2026-08-30 11:54:34.960 +0200,13,0,0.009784827916430448,0.022451339827245752,2.182327996722819,-2.1012312691574975,5,2738,Standing
216,4,2026-08-30 11:54:35.960 +0200,12,0,0.008595910159635848,0.011996754326577394,2.0445516734214992,-2.0410461231276864,5,2751,Standing
217,4,2026-08-30 11:54:36.960 +0200,13,0,0.007945275961607741,0.0137240016678398,1.9782699233360717,-2.1787145404346395,5,2763,Standing
218,4,2026-08-30 11:54:37.960 +0200,12,0,0.009010786207670596,0.020876916945835898,2.046344094796096,-2.23115614989147,5,2776,Standing
219,4,2026-08-30 11:54:38.960 +0200,13,0,0.00938558484476387,0.01725888357987579,2.116910987112107,-2.190265952846414,5,2788,Standing
220,4,2026-08-30 11:54:39.960 +0200,12,0,0.010756092470845574,0.019388375126402787,2.096234222343766,-2.1629857886711252,5,2801,Standing
221,4,2026-08-30 11:54:40.960 +0200,13,0,0.011221106678182942,0.020607072957584526,2.0390546746860325,-2.0479305308093174,5,2813,Standing
222,4,2026-08-30 11:54:41.960 +0200,12,0,0.008356003337856029,0.023031853387141414,2.0171471210444976,-2.1148762002276698,5,2826,Standing
223,4,2026-08-30 11:54:42.960 +0200,13,0,0.010437573478179234,0.018802763133206817,2.0527768782364997,-2.1997543479739265,5,2838,Standing
224,4,2026-08-30 11:54:43.960 +0200,12,0,0.008029629209903933,0.01276468799752161,2.059932352694144,-2.2166659265325164,5,2851,Standing
225,4,2026-08-30 11:54:44.960 +0200,13,0,0.008811432003647583,0.013869145644648612,2.0524447412885665,-2.247758766980991,5,2863,Standing
226,4,2026-08-30 11:54:45.960 +0200,12,0,0.008187909264496309,0.0131400784663466,2.0091162529239255,-2.1892365182308264,5,2876,Standing
227,4,2026-08-30 11:54:46.960 +0200,13,0,0.009154132246430911,0.015795050903412176,1.9796373094355348,-2.121161051122894,5,2888,Standing
228,4,2026-08-30 11:54:47.960 +0200,12,0,0.008700463787127544,0.015122306804636882,2.073918367119818,-2.0587616594208504,5,2901,Standing
229,4,2026-08-30 11:54:48.960 +0200,13,0,0.009836144466359954,0.01799149508351004,2.0282085707198267,-2.064988963557685,5,2913,Standing
230,4,2026-08-30 11:54:49.960 +0200,12,0,0.007334041585306747,0.0115439085085674,1.966365389145981,-2.0470488138901297,5,2926,Standing
231,4,2026-08-30 11:54:50.960 +0200,13,0,0.008670786828380142,0.017384982884387373,2.0350199692385704,-2.019309115431263,5,2938,Standing
39,4,2026-08-30 11:51:29.960 +0200,12,0,1.0766147106734338,2.1344399837302848,42.706925026569415,-39.28588774427761,1,503,Trotting
40,4,2026-08-30 11:51:30.960 +0200,13,0,0.7494915143265144,5.195651234379622,76.84565053449172,-10.420949061466285,1,515,Trotting
41,4,2026-08-30 11:51:31.960 +0200,12,0,0.47646020606904754,0.9615272536588509,71.50700672751903,-11.785540605584572,1,528,Walking
42,4,2026-08-30 11:51:32.960 +0200,13,0,0.4635444556108732,0.8016243907242683,60.159302179050755,-25.12305358139228,1,540,Walking
43,4,2026-08-30 11:51:33.960 +0200,12,0,0.5041354202088915,1.0011354652002593,39.11807844705556,-47.38818367105487,1,553,Walking
44,4,2026-08-30 11:51:34.960 +0200,13,0,0.7579407794187903,2.5542080700854597,16.436183439517603,-60.65624112225044,1,565,Trotting
45,4,2026-08-30 11:51:35.960 +0200,12,0,0.8434112153860823,3.7330375744111195,-3.8946519763393517,-61.39211330102512,1,578,Trotting
46,4,2026-08-30 11:51:36.960 +0200,13,0,0.6657728629577075,1.6777334415384346,-22.336632821343322,-38.52611571966782,1,590,Walking
47,4,2026-08-30 11:51:37.960 +0200,12,0,0.6100785985509797,1.1714076769309876,-31.4984081856477,-22.798614059274314,1,603,Trotting
48,4,2026-08-30 11:51:38.960 +0200,13,0,0.9497306754148224,1.4567592709895896,-22.493192741580636,-52.87394464160086,1,615,Walking
49,4,2026-08-30 11:51:39.960 +0200,12,0,1.2045435709098269,1.4118930919175345,-7.480823896490481,-42.19365986679629,1,628,Trotting
50,4,2026-08-30 11:51:40.960 +0200,13,0,0.6078342660722869,1.0309626912291092,5.6880674941539775,48.69781217795334,1,640,Trotting
51,4,2026-08-30 11:51:41.960 +0200,12,0,0.7804418148920366,1.6587465543574613,6.93748492202401,51.65984789033172,1,653,Trotting
52,4,2026-08-30 11:51:42.960 +0200,13,0,0.3510957595852625,0.5937447613535216,4.781441162361757,17.45912304318932,1,665,Walking
232,4,2026-08-30 11:54:51.960 +0200,12,0,0.008683534359554526,0.016585642642662875,2.0572583796688177,-2.080813312591522,5,2951,Standing
53,4,2026-08-30 11:51:43.960 +0200,11,0,0.021018405755122004,0.08639758668482855,1.4514274401926985,-3.4493257126602175,2,693,Standing
55,4,2026-08-30 11:51:44.960 +0200,13,0,0.05884871413190619,0.2767508591677576,2.462812503124996,-2.354478282053226,2,704,Standing
56,4,2026-08-30 11:51:45.960 +0200,12,0,0.01746468474051473,0.026351525296214103,2.48342030218743,-1.9557821910857005,2,717,Standing
57,4,2026-08-30 11:51:46.960 +0200,13,0,0.011082266326528846,0.022894098324303707,2.186693552594103,-2.1814053163998883,2,729,Standing
58,4,2026-08-30 11:51:47.960 +0200,12,0,0.007649712572003749,0.01919527558574302,2.185169256936565,-2.2127945980701207,2,742,Standing
59,4,2026-08-30 11:51:48.960 +0200,13,0,0.00894212963738135,0.012727352148278873,2.2380785392823133,-2.099943850495449,2,754,Standing
60,4,2026-08-30 11:51:49.960 +0200,12,0,0.009358044268411442,0.016040741369470767,2.1999668361400917,-2.156717268558984,2,767,Standing
61,4,2026-08-30 11:51:50.960 +0200,13,0,0.007755254423773375,0.01355463912911263,2.172269931911249,-2.2471810748204217,2,779,Standing
62,4,2026-08-30 11:51:51.960 +0200,12,0,0.00848385720176108,0.018819673152846095,2.253992065721828,-2.209417828146326,2,792,Standing
63,4,2026-08-30 11:51:52.960 +0200,13,0,0.008385785754343254,0.014545338681691545,2.2991795690050862,-2.2304116058382073,2,804,Standing
64,4,2026-08-30 11:51:53.960 +0200,12,0,0.008775496078680852,0.012255460573068326,2.2712817205971736,-2.257131445648344,2,817,Standing
65,4,2026-08-30 11:51:54.960 +0200,13,0,0.007904221129553883,0.013570948803818103,2.3543385347518697,-2.188093913936583,2,829,Standing
66,4,2026-08-30 11:51:55.960 +0200,12,0,0.009463692938096636,0.013118790565489796,2.3457226850162995,-2.144670035341886,2,842,Standing
67,4,2026-08-30 11:51:56.960 +0200,13,0,0.0068143522862941,0.017643105669516077,2.2410909460961643,-2.1001205765496715,2,854,Standing
68,4,2026-08-30 11:51:57.960 +0200,12,0,0.009518592295959574,0.012865183374823006,2.237726028610222,-2.155131759925332,2,867,Standing
69,4,2026-08-30 11:51:58.960 +0200,13,0,0.010193119241724004,0.019129197426734322,2.2283367302924098,-2.175455477254644,2,879,Standing
70,4,2026-08-30 11:51:59.960 +0200,12,0,0.008937752303904334,0.013852752479520093,2.1618490867938562,-2.143938884716093,2,892,Standing
71,4,2026-08-30 11:52:00.960 +0200,13,0,0.00876334322108545,0.014034132425628008,2.1141373225328866,-2.143902496369569,2,904,Standing
72,4,2026-08-30 11:52:01.960 +0200,12,0,0.009424914701342053,0.014906660382201816,2.0855178540457096,-2.1196426976499456,2,917,Standing
73,4,2026-08-30 11:52:02.960 +0200,13,0,0.009613246370489693,0.019565600286643937,2.1067414012234207,-2.236546540321803,2,929,Standing
74,4,2026-08-30 11:52:03.960 +0200,12,0,0.008051834224780159,0.012159064940276566,2.161437242176524,-2.2773563578235425,2,942,Standing
75,4,2026-08-30 11:52:04.960 +0200,13,0,0.00946046081543767,0.013630250181727388,2.1066872515733355,-2.158246782299731,2,954,Standing
76,4,2026-08-30 11:52:05.960 +0200,12,0,0.008815865108110381,0.02102677457217337,2.1520255971868854,-2.083247540981303,2,967,Standing
77,4,2026-08-30 11:52:06.960 +0200,13,0,0.009888990804326878,0.013920375208018167,2.20701508626281,-2.0551819883731746,2,979,Standing
78,4,2026-08-30 11:52:07.960 +0200,12,0,0.01030958505735956,0.016122431705783903,2.1528300466335377,-2.155274746366189,2,992,Standing
79,4,2026-08-30 11:52:08.960 +0200,13,0,0.010412820214868211,0.018950179585836363,2.15178159345647,-2.1915517671692757,2,1004,Standing
80,4,2026-08-30 11:52:09.960 +0200,1,0,0.009289749363945944,0.009289749363945944,2.153702233208906,-2.1444425053008147,2,1017,Standing
81,4,2026-08-30 11:52:21.960 +0200,13,0,0.007775758982155574,0.016380006625172257,1.943367186531329,-2.194880646367855,2,1018,Standing
82,4,2026-08-30 11:52:22.960 +0200,12,0,0.00994002870591571,0.01815275549856971,2.001944701121657,-2.1502776742532483,2,1031,Standing
233,4,2026-08-30 11:54:52.960 +0200,13,0,0.008522027648521096,0.015776074760085777,2.0561470390914667,-2.130646998139972,5,2963,Standing
234,4,2026-08-30 11:54:53.960 +0200,12,0,0.008735456774866283,0.020177646487964697,2.029605115644569,-2.149635736816561,5,2976,Standing
235,4,2026-08-30 11:54:54.960 +0200,13,0,0.009586032255414989,0.012714463094940445,2.0063197505313566,-2.0989336561373393,5,2988,Standing
236,4,2026-08-30 11:54:55.960 +0200,12,0,0.009616219433248939,0.0147201224495107,2.0387333918370385,-1.9935920168879788,5,3001,Standing
237,4,2026-08-30 11:54:56.960 +0200,13,0,0.007990515739551994,0.01499733821775914,2.06816790563441,-2.0184255164696077,5,3013,Standing
238,4,2026-08-30 11:54:57.960 +0200,12,0,0.009596655104255886,0.01781036163344184,2.115431248620435,-2.0803650892903236,5,3026,Standing
239,4,2026-08-30 11:54:59.960 +0200,11,0,0.007174941266489632,0.015348315921590893,1.938489380238908,-1.8560747357999683,5,3066,Standing
240,4,2026-08-30 11:55:00.960 +0200,13,0,0.00886048459817629,0.016849177853173494,2.039578630457505,-2.106739534244784,5,3077,Standing
241,4,2026-08-30 11:55:01.960 +0200,12,0,0.010310305876344421,0.01745604990712347,2.0150671206654858,-2.218980633375896,5,3090,Standing
242,4,2026-08-30 11:55:02.960 +0200,13,0,0.00797893515885968,0.01369197044352875,1.9661109172038231,-2.1398056035040365,5,3102,Standing
243,4,2026-08-30 11:55:03.960 +0200,12,0,0.007419013731573629,0.010642016752534185,2.027826884792341,-2.0440624650559927,5,3115,Standing
244,4,2026-08-30 11:55:04.960 +0200,13,0,0.007158850482996591,0.014237086451337708,2.086848529373042,-2.0905184146596523,5,3127,Standing
245,4,2026-08-30 11:55:05.960 +0200,12,0,0.00842883247502948,0.01598500744415864,2.1268911511950033,-2.1070663120437025,5,3140,Standing
83,4,2026-08-30 11:52:23.960 +0200,13,0,0.008834352679953004,0.015408557958841303,2.0333476389173977,-2.133103227873028,2,1043,Standing
84,4,2026-08-30 11:52:24.960 +0200,12,0,0.009240614256313498,0.02191325466686566,2.0825390227036475,-2.1868107762167526,2,1056,Standing
85,4,2026-08-30 11:52:25.960 +0200,13,0,0.007782426659225116,0.014562378223875978,2.1328937276602478,-2.2335847358193504,2,1068,Standing
86,4,2026-08-30 11:52:26.960 +0200,12,0,0.009377917941408428,0.01528433408604966,2.19714053085824,-2.1957854142925872,2,1081,Standing
87,4,2026-08-30 11:52:27.960 +0200,13,0,0.010877243580792017,0.016730759487435957,2.198055972824788,-2.177065269943555,2,1093,Standing
88,4,2026-08-30 11:52:28.960 +0200,12,0,0.009017274662675786,0.014282822503592503,2.1808890636182636,-2.229297040716384,2,1106,Standing
89,4,2026-08-30 11:52:29.960 +0200,13,0,0.009470950265310708,0.015650524653455095,2.1373572183701297,-2.208075330272636,2,1118,Standing
90,4,2026-08-30 11:52:30.960 +0200,12,0,0.009018888319005684,0.016967136200938746,2.1215437312830216,-2.1642033865341435,2,1131,Standing
91,4,2026-08-30 11:52:31.960 +0200,13,0,0.007795088792032131,0.015255252715211514,2.234237950250921,-2.1902537260549684,2,1143,Standing
92,4,2026-08-30 11:52:32.960 +0200,12,0,0.010655422133129866,0.017353294426963203,2.1868434362080085,-2.226923591093733,2,1156,Standing
93,4,2026-08-30 11:52:33.960 +0200,13,0,0.007847824219297611,0.012761766427204712,2.0411703336860496,-2.257371837722373,2,1168,Standing
94,4,2026-08-30 11:52:34.960 +0200,12,0,0.009414934585087428,0.017055594168103996,2.1010340209742693,-2.2805881428848798,2,1181,Standing
95,4,2026-08-30 11:52:35.960 +0200,13,0,0.009126865418931247,0.013224088740547807,2.1551007130382143,-2.306301261701333,2,1193,Standing
96,4,2026-08-30 11:52:36.960 +0200,12,0,0.008694209341275934,0.018183777313453164,2.160960760015539,-2.2310677435265185,2,1206,Standing
97,4,2026-08-30 11:52:37.960 +0200,13,0,0.008461199899023256,0.013734664167499923,2.2372247371910112,-2.178246389248603,2,1218,Standing
98,4,2026-08-30 11:52:38.960 +0200,12,0,0.010998021394805007,0.018144248081457308,2.1494747069327533,-2.1692603941888717,2,1231,Standing
99,4,2026-08-30 11:52:39.960 +0200,13,0,0.009235191916383407,0.013874642960362147,2.0748906300994654,-2.1559395112273942,2,1243,Standing
100,4,2026-08-30 11:52:40.960 +0200,12,0,0.007920228528975174,0.015101699978458713,2.1590789137471877,-2.1847373903693907,2,1256,Standing
101,4,2026-08-30 11:52:41.960 +0200,13,0,0.008022802887039372,0.015086876893786341,2.1969660220562037,-2.161390299047682,2,1268,Standing
102,4,2026-08-30 11:52:42.960 +0200,12,0,0.008012689890122434,0.012517756248488865,2.1739430801148916,-2.162544177554739,2,1281,Standing
103,4,2026-08-30 11:52:43.960 +0200,13,0,0.007149746611702655,0.01036722861930782,2.1500865207293463,-2.146660200323597,2,1293,Standing
104,4,2026-08-30 11:52:44.960 +0200,12,0,0.009103830899877876,0.013793427638239616,2.1416207616674394,-2.136625287226601,2,1306,Standing
105,4,2026-08-30 11:52:45.960 +0200,13,0,0.008551248800955912,0.016774172322168716,2.1535419026575138,-2.1632859797314072,2,1318,Standing
106,4,2026-08-30 11:52:46.960 +0200,12,0,0.01111641746396901,0.019157353778546417,2.210759727693113,-2.149320744051939,2,1331,Standing
107,4,2026-08-30 11:52:47.960 +0200,13,0,0.009132378114902565,0.017471268774250263,2.136096018841721,-2.199681600997626,2,1343,Standing
246,4,2026-08-30 11:55:06.960 +0200,13,0,0.010712690640039647,0.023888646045702348,2.103642212753979,-2.1778882954947183,5,3152,Standing
108,4,2026-08-30 11:52:48.960 +0200,11,0,0.006453520795180342,0.01103611719679284,2.176727072752659,-2.2978759156286652,3,1371,Standing
110,4,2026-08-30 11:52:49.960 +0200,13,0,0.00851146441993632,0.01566835534348944,2.0930034359164007,-2.2517192930902272,3,1382,Standing
111,4,2026-08-30 11:52:50.960 +0200,12,0,0.008344730057672865,0.016687497313995717,2.037923335834445,-2.1418998233659843,3,1395,Standing
112,4,2026-08-30 11:52:51.960 +0200,13,0,0.010065840992842781,0.015879676490486352,2.05991152822447,-2.002344849892367,3,1407,Standing
113,4,2026-08-30 11:52:52.960 +0200,12,0,0.007618170623149887,0.013233749717163994,2.1333542113465405,-2.002942770925548,3,1420,Standing
114,4,2026-08-30 11:52:53.960 +0200,13,0,0.01102820752007971,0.02012403945526065,2.105202415159945,-2.075903622306576,3,1432,Standing
115,4,2026-08-30 11:52:54.960 +0200,12,0,0.007654760020134903,0.013946709229007445,2.0576746210620827,-2.0873884923767805,3,1445,Standing
116,4,2026-08-30 11:52:55.960 +0200,13,0,0.008693649955992118,0.0170179808836155,2.0962069423018757,-2.067147029227873,3,1457,Standing
117,4,2026-08-30 11:52:56.960 +0200,12,0,0.009938984626312418,0.02086662994976693,2.1672592663316244,-2.058936333029756,3,1470,Standing
118,4,2026-08-30 11:52:57.960 +0200,13,0,0.009965725912322353,0.014587145534154196,2.1601816156875007,-2.133862987880088,3,1482,Standing
119,4,2026-08-30 11:52:58.960 +0200,12,0,0.00907715407505,0.016526723404207716,2.1051126881594655,-2.1394732618918146,3,1495,Standing
120,4,2026-08-30 11:52:59.960 +0200,13,0,0.006854178662296325,0.010490001913821443,2.113688512368813,-2.1514656417657476,3,1507,Standing
121,4,2026-08-30 11:53:00.960 +0200,12,0,0.007855385825874304,0.012775104192320069,2.136232760171565,-2.1926994362242347,3,1520,Standing
122,4,2026-08-30 11:53:01.960 +0200,13,0,0.009737398191977404,0.0167638281493029,2.2035890196558596,-2.1965509004205837,3,1532,Standing
123,4,2026-08-30 11:53:02.960 +0200,12,0,0.010885983995533728,0.023335039099151113,2.190267895081141,-2.06782304568797,3,1545,Standing
124,4,2026-08-30 11:53:03.960 +0200,13,0,0.009723604965679776,0.017409874584922897,2.084944262297415,-1.9677028657318767,3,1557,Standing
125,4,2026-08-30 11:53:04.960 +0200,12,0,0.008336883119208207,0.015332856951790725,2.1156215895600665,-2.028982720577646,3,1570,Standing
126,4,2026-08-30 11:53:05.960 +0200,13,0,0.00859153830701798,0.013320393044684086,2.1895275762159465,-2.0070531885795417,3,1582,Standing
127,4,2026-08-30 11:53:06.960 +0200,12,0,0.008729656789018972,0.019305075320057628,2.1605495850737175,-2.0261366310648783,3,1595,Standing
128,4,2026-08-30 11:53:07.960 +0200,13,0,0.009715032993211019,0.018511540731011585,2.142985837120367,-2.1462720328494167,3,1607,Standing
129,4,2026-08-30 11:53:08.960 +0200,12,0,0.007332794492753329,0.011427789495319233,2.20480407766716,-2.17666412655475,3,1620,Standing
130,4,2026-08-30 11:53:09.960 +0200,13,0,0.010654764310787644,0.018923081401290027,2.167900076913649,-2.1296310186905107,3,1632,Standing
131,4,2026-08-30 11:53:10.960 +0200,12,0,0.010925952665734262,0.02215537149385175,2.1111850420121425,-2.095035467612553,3,1645,Standing
247,4,2026-08-30 11:55:07.960 +0200,12,0,0.009162977368639634,0.01514246835106686,1.9093867791559933,-2.188676592424747,5,3165,Standing
248,4,2026-08-30 11:55:08.960 +0200,13,0,0.01008516498807669,0.015652899438805885,1.8497171373762222,-2.1936785446790465,5,3177,Standing
249,4,2026-08-30 11:55:09.960 +0200,12,0,0.008064752126755418,0.019288715691614135,1.9241798000955421,-2.250398185582434,5,3190,Standing
250,4,2026-08-30 11:55:10.960 +0200,13,0,0.009312793428317786,0.01613789106703322,1.9809553660175019,-2.2115535424420063,5,3202,Standing
251,4,2026-08-30 11:55:11.960 +0200,12,0,0.009167615035857337,0.014283084576257056,2.0235717485410256,-2.135452619359313,5,3215,Standing
252,4,2026-08-30 11:55:12.960 +0200,13,0,0.008112633861668534,0.01526980071416791,2.0495917679609126,-2.1030460946557086,5,3227,Standing
253,4,2026-08-30 11:55:13.960 +0200,12,0,0.007844296830788043,0.01327962169763322,2.070828146750188,-2.163152737777423,5,3240,Standing
254,4,2026-08-30 11:55:14.960 +0200,13,0,0.00954473394073338,0.020009470723828908,2.0655242262845004,-2.1869274932056624,5,3252,Standing
255,4,2026-08-30 11:55:15.960 +0200,12,0,0.008232049828094558,0.011989518157401801,2.084235505497304,-2.1688662184754137,5,3265,Standing
256,4,2026-08-30 11:55:16.960 +0200,13,0,0.008833957956639504,0.014915914893075555,2.0962165901685994,-2.113346772211313,5,3277,Standing
132,4,2026-08-30 11:53:11.960 +0200,13,0,0.00913200290085587,0.015955073821382084,2.1876777520125468,-2.1337690060811165,3,1657,Standing
133,4,2026-08-30 11:53:12.960 +0200,12,0,0.007932944317338857,0.015156327080284828,2.2433723991191163,-2.1827143516401146,3,1670,Standing
134,4,2026-08-30 11:53:14.960 +0200,11,0,0.005553636638435263,0.010924381549856945,2.2016382307697224,-2.2386867653440956,3,1710,Standing
135,4,2026-08-30 11:53:15.960 +0200,13,0,0.008875289527871595,0.017972630391119255,2.152364669287063,-2.216562253829007,3,1721,Standing
136,4,2026-08-30 11:53:16.960 +0200,12,0,0.007988612432527896,0.016944409076813577,2.146531858039302,-2.1297969413557976,3,1734,Standing
137,4,2026-08-30 11:53:17.960 +0200,13,0,0.009498990699072559,0.019564789318156296,2.1653853308022724,-2.1134884069272877,3,1746,Standing
138,4,2026-08-30 11:53:18.960 +0200,12,0,0.00933220623467233,0.013595915873950459,2.1189936820305255,-2.1655493610142598,3,1759,Standing
139,4,2026-08-30 11:53:19.960 +0200,13,0,0.010989059638423043,0.020309936948609816,2.0786644608100384,-2.1647661722604727,3,1771,Standing
140,4,2026-08-30 11:53:20.960 +0200,12,0,0.008351822683831603,0.019176800232772503,2.090061886892025,-2.0470064544213664,3,1784,Standing
141,4,2026-08-30 11:53:21.960 +0200,13,0,0.009366059656874355,0.01456931266729114,2.037252332332924,-1.926522616563634,3,1796,Standing
142,4,2026-08-30 11:53:22.960 +0200,12,0,0.00809310405598624,0.014475514159352417,2.0449879653205927,-1.9570026180197997,3,1809,Standing
143,4,2026-08-30 11:53:23.960 +0200,13,0,0.008821341910830923,0.01596198874590589,2.1415187235505138,-2.0410756311901532,3,1821,Standing
144,4,2026-08-30 11:53:24.960 +0200,12,0,0.009259832324636976,0.015839478739002984,2.143841710820549,-2.097652881700917,3,1834,Standing
145,4,2026-08-30 11:53:25.960 +0200,13,0,0.008085134757458614,0.016336638498977964,2.1418838043684882,-2.0928165993190078,3,1846,Standing
146,4,2026-08-30 11:53:26.960 +0200,12,0,0.007524966797879971,0.013634744851523174,2.0970892522443885,-2.060321727634991,3,1859,Standing
147,4,2026-08-30 11:53:27.960 +0200,13,0,0.00871345375117447,0.022292722576006032,2.030460816980514,-2.0751354383568854,3,1871,Standing
148,4,2026-08-30 11:53:28.960 +0200,12,0,0.008416624017042169,0.017708747260547934,2.020359448563537,-2.1106287908826777,3,1884,Standing
149,4,2026-08-30 11:53:29.960 +0200,13,0,0.00855181415979865,0.01577243520982477,2.0191688790564775,-2.09485047516911,3,1896,Standing
150,4,2026-08-30 11:53:30.960 +0200,12,0,0.009031183779817048,0.017541906725161326,2.055855188866433,-2.1256712875024486,3,1909,Standing
151,4,2026-08-30 11:53:31.960 +0200,13,0,0.009429715268038635,0.020301772586120398,2.040413439973389,-2.1218038116701505,3,1921,Standing
152,4,2026-08-30 11:53:32.960 +0200,12,0,0.006957017319744931,0.011506522485095668,2.0455352333826693,-2.1786569765277455,3,1934,Standing
153,4,2026-08-30 11:53:33.960 +0200,13,0,0.009119362462021618,0.01615560994457574,2.121503657020509,-2.2366640252624923,3,1946,Standing
154,4,2026-08-30 11:53:34.960 +0200,12,0,0.008044959419531966,0.015206511227221492,2.1440753041957463,-2.2155810610363327,3,1959,Standing
155,4,2026-08-30 11:53:35.960 +0200,13,0,0.008668888400235695,0.014989459785056537,2.155423665792387,-2.2036202383388552,3,1971,Standing
156,4,2026-08-30 11:53:36.960 +0200,12,0,0.008369816393735114,0.013202111019045094,2.1844372212656564,-2.1230744582995387,3,1984,Standing
157,4,2026-08-30 11:53:37.960 +0200,13,0,0.008670859993737786,0.018807742534322554,2.1540371546017374,-2.1243104989698134,3,1996,Standing
158,4,2026-08-30 11:53:38.960 +0200,12,0,0.009500519813707113,0.01553048271264157,2.1161858383617425,-2.1218888333726653,3,2009,Standing
159,4,2026-08-30 11:53:39.960 +0200,13,0,0.008432367811602939,0.014229615639584407,2.0987347575003477,-2.052218581379537,3,2021,Standing
257,4,2026-08-30 11:55:17.960 +0200,12,0,0.010525556110383638,0.014737174260727192,2.013359097513968,-2.1044950932679733,5,3290,Standing
160,4,2026-08-30 11:53:40.960 +0200,14,0,0.007001414624408884,0.012704219227980885,2.014656732022332,-2.090366892555176,4,2034,Standing
162,4,2026-08-30 11:53:41.960 +0200,12,0,0.008960773911151958,0.012197301786688288,1.985699922255532,-2.072619845164749,4,2048,Standing
163,4,2026-08-30 11:53:42.960 +0200,13,0,0.011017719223130855,0.017007290146550898,2.033423291679105,-2.1656550257423044,4,2060,Standing
164,4,2026-08-30 11:53:43.960 +0200,12,0,0.007172906000582787,0.013241641053034355,2.0797729398351597,-2.152163292756045,4,2073,Standing
165,4,2026-08-30 11:53:44.960 +0200,13,0,0.009244139028891438,0.014628641408807184,2.0172364147502955,-2.109993807292629,4,2085,Standing
166,4,2026-08-30 11:53:45.960 +0200,12,0,0.007619913041184386,0.01443922291833645,2.0068877107795737,-2.1228951913826593,4,2098,Standing
167,4,2026-08-30 11:53:46.960 +0200,13,0,0.010174979397910263,0.014330266095743545,1.9999293088238006,-2.029945674644778,4,2110,Standing
168,4,2026-08-30 11:53:47.960 +0200,12,0,0.008005548208258927,0.01856013039514348,2.012792374694089,-2.0646093393391243,4,2123,Standing
169,4,2026-08-30 11:53:48.960 +0200,13,0,0.006850129252360163,0.011692174660016607,2.059481606756746,-2.153421810873799,4,2135,Standing
170,4,2026-08-30 11:53:49.960 +0200,12,0,0.008257193201431716,0.014960701644273402,2.028699561354269,-2.10773441986433,4,2148,Standing
171,4,2026-08-30 11:53:50.960 +0200,13,0,0.008998772293960608,0.016747424055702592,2.07947138936396,-2.1167584498118943,4,2160,Standing
172,4,2026-08-30 11:53:51.960 +0200,12,0,0.008891773848556652,0.012885935537283295,2.048691305038082,-2.2036530542119723,4,2173,Standing
173,4,2026-08-30 11:53:52.960 +0200,13,0,0.008714496040681561,0.016717860831029968,1.9835346533508984,-2.215002881113919,4,2185,Standing
174,4,2026-08-30 11:53:53.960 +0200,12,0,0.009566580599836307,0.014046325706800025,2.0249555876935372,-2.164580305850418,4,2198,Standing
175,4,2026-08-30 11:53:54.960 +0200,13,0,0.0071474159214768955,0.012213007326238064,2.0130834868046112,-2.17058678931497,4,2210,Standing
176,4,2026-08-30 11:53:55.960 +0200,12,0,0.009684458783355948,0.020847660161190086,2.0123274158154874,-2.2117638940012214,4,2223,Standing
177,4,2026-08-30 11:53:56.960 +0200,13,0,0.010556552489581924,0.0158958136715482,2.0925510058646153,-2.1758547965691792,4,2235,Standing
178,4,2026-08-30 11:53:57.960 +0200,12,0,0.008764989495547378,0.019487986140521843,2.1464773098892493,-2.079701402350094,4,2248,Standing
179,4,2026-08-30 11:53:58.960 +0200,13,0,0.008397089215663024,0.01660184110519901,2.1161572763057928,-1.9604274972692297,4,2260,Standing
180,4,2026-08-30 11:53:59.960 +0200,12,0,0.007905370264123345,0.014157446029697632,2.050852058703541,-2.007645287940546,4,2273,Standing
181,4,2026-08-30 11:54:00.960 +0200,13,0,0.009749858301519886,0.018408216076752738,2.025332137942349,-2.115138377434959,4,2285,Standing
258,4,2026-08-30 11:55:18.960 +0200,13,0,0.01017732974592339,0.01682849622226669,1.9581561086360924,-2.1771334716406567,5,3302,Standing
259,4,2026-08-30 11:55:19.960 +0200,12,0,0.009895626297645446,0.020418594879130975,1.953312977918779,-2.2229661523697923,5,3315,Standing
260,4,2026-08-30 11:55:20.960 +0200,13,0,0.011143118719194493,0.020930022427455296,2.0382386712250247,-2.1709164021167373,5,3327,Standing
261,4,2026-08-30 11:55:21.960 +0200,12,0,0.0075433101333044865,0.013776606047618701,2.1614409715360714,-2.076750083180842,5,3340,Standing
262,4,2026-08-30 11:55:22.960 +0200,13,0,0.010993758466400235,0.016944618024440732,2.0989593031993157,-2.071726477961436,5,3352,Standing
263,4,2026-08-30 11:55:23.960 +0200,12,0,0.007876383177131959,0.011695704879752966,1.961882173904506,-2.113730343468566,5,3365,Standing
264,4,2026-08-30 11:55:24.960 +0200,13,0,0.009682894111735231,0.017060902531218815,1.950043257603345,-2.0667859556177044,5,3377,Standing
265,4,2026-08-30 11:55:25.960 +0200,11,0,0.0054764653923605085,0.00903835665123762,1.8491408021392528,-2.1359967618063354,6,3405,Standing
267,4,2026-08-30 11:55:26.960 +0200,13,0,0.007007772929531304,0.013735632559475875,1.8813176688766093,-2.152588283713114,6,3416,Standing
268,4,2026-08-30 11:55:27.960 +0200,12,0,0.007510608289074548,0.012571679590400555,2.0064445607724486,-2.1730571969938537,6,3429,Standing
269,4,2026-08-30 11:55:28.960 +0200,13,0,0.010816118221977264,0.017169700422389567,2.085461539511045,-2.2303235213666643,6,3441,Standing
270,4,2026-08-30 11:55:29.960 +0200,12,0,0.008565270412343026,0.013658644896129321,2.038092791705656,-2.1698395230847622,6,3454,Standing
182,4,2026-08-30 11:54:01.960 +0200,12,0,0.008402663122671312,0.01407767346131146,2.082701840741507,-2.1456775636033947,4,2298,Standing
183,4,2026-08-30 11:54:02.960 +0200,13,0,0.009880887313631188,0.01680805277945662,2.08409780434181,-2.194816877702078,4,2310,Standing
184,4,2026-08-30 11:54:03.960 +0200,12,0,0.008633585805146343,0.016341798888350315,2.1060262383255064,-2.2116469156519414,4,2323,Standing
185,4,2026-08-30 11:54:04.960 +0200,13,0,0.009171976751227775,0.01410440009565847,2.0630101819055127,-2.156257988946679,4,2335,Standing
186,4,2026-08-30 11:54:05.960 +0200,12,0,0.00785389643162076,0.012796077903729828,2.012137942481586,-2.081869111702108,4,2348,Standing
187,4,2026-08-30 11:54:07.960 +0200,11,0,0.007839491556859092,0.014377242100910273,2.064394642232227,-2.236851648661967,4,2388,Standing
188,4,2026-08-30 11:54:08.960 +0200,13,0,0.009440616899319212,0.020277847077386314,1.918920421721764,-2.0131531764269446,4,2399,Standing
189,4,2026-08-30 11:54:09.960 +0200,12,0,0.008635604651564599,0.017271661868159916,1.9557705082512475,-1.9710070179813195,4,2412,Standing
190,4,2026-08-30 11:54:10.960 +0200,13,0,0.011205274569591271,0.017328623455779527,2.051629461940768,-2.0636489527555035,4,2424,Standing
191,4,2026-08-30 11:54:11.960 +0200,12,0,0.0077498823334690575,0.015208841689858574,2.0384591173657656,-2.111863889522613,4,2437,Standing
192,4,2026-08-30 11:54:12.960 +0200,13,0,0.007464899457451929,0.015790074968600944,2.098127829156028,-2.138383881728182,4,2449,Standing
193,4,2026-08-30 11:54:13.960 +0200,12,0,0.007394855838132624,0.012254366232812012,2.1258888911662157,-2.1592784164264502,4,2462,Standing
194,4,2026-08-30 11:54:14.960 +0200,13,0,0.010120231393697138,0.016826064894873566,2.074788314946287,-2.1669971914235213,4,2474,Standing
195,4,2026-08-30 11:54:15.960 +0200,12,0,0.009627486836899514,0.016593740258510337,2.061839288781279,-2.185928285543691,4,2487,Standing
196,4,2026-08-30 11:54:16.960 +0200,13,0,0.008017118615244371,0.012156176294726045,2.0121399122693795,-2.1932803369454392,4,2499,Standing
197,4,2026-08-30 11:54:17.960 +0200,12,0,0.00760266115288792,0.011864775220989932,1.986117071265764,-2.05743299813139,4,2512,Standing
198,4,2026-08-30 11:54:18.960 +0200,13,0,0.00814084323359156,0.015278523176485571,1.9967340158616607,-1.9729707231171654,4,2524,Standing
199,4,2026-08-30 11:54:19.960 +0200,12,0,0.007924248229146643,0.01417452967971902,2.0211290094091967,-2.04539679993214,4,2537,Standing
200,4,2026-08-30 11:54:20.960 +0200,13,0,0.008967808505671724,0.016735809749072593,2.076077253960627,-2.111220873032608,4,2549,Standing
201,4,2026-08-30 11:54:21.960 +0200,12,0,0.009279793348534857,0.015668348834178863,2.0535628267716253,-2.0822757659417603,4,2562,Standing
202,4,2026-08-30 11:54:22.960 +0200,13,0,0.010047091027640278,0.01590454059401443,2.0031032820648726,-2.1234701911136344,4,2574,Standing
203,4,2026-08-30 11:54:23.960 +0200,12,0,0.010039584497690721,0.01790656766226907,2.038955512034471,-2.2324459614026813,4,2587,Standing
204,4,2026-08-30 11:54:24.960 +0200,13,0,0.009806686099697811,0.01639843636594989,1.962341137477596,-2.1265639663970557,4,2599,Standing
205,4,2026-08-30 11:54:25.960 +0200,12,0,0.009760481244223237,0.017897119800777753,1.944229809034309,-2.11307943889594,4,2612,Standing
206,4,2026-08-30 11:54:26.960 +0200,13,0,0.00875494925261614,0.016005167454490342,2.0529719298361115,-2.1383248665228782,4,2624,Standing
207,4,2026-08-30 11:54:27.960 +0200,12,0,0.010446035851316813,0.015788355823314112,2.0812287935252445,-2.0812964484864596,4,2637,Standing
208,4,2026-08-30 11:54:28.960 +0200,13,0,0.008649899177956135,0.014381689090980207,2.096142345138765,-2.073818170529416,4,2649,Standing
209,4,2026-08-30 11:54:29.960 +0200,12,0,0.009497655146535017,0.01541372434358269,2.0427011287171024,-2.0429722555671552,4,2662,Standing
210,4,2026-08-30 11:54:30.960 +0200,13,0,0.008158930237980162,0.014034298062331297,2.0179154428995725,-2.030858689664714,4,2674,Standing
211,4,2026-08-30 11:54:31.960 +0200,12,0,0.008588563233645213,0.017850192829233877,2.0041385514461254,-2.0617365919053725,4,2687,Standing
212,4,2026-08-30 11:54:32.960 +0200,13,0,0.009585060454593553,0.014865864392659116,1.891858768893999,-2.071303055109436,4,2699,Standing
273,4,2026-08-30 11:55:32.960 +0200,13,0,0.009420427995554112,0.021571813589862723,2.0270912690523843,-2.045760342927304,6,3491,Standing
213,4,2026-08-30 11:54:33.960 +0200,11,0,0.008579937699520621,0.014455857462523562,2.2635648454520947,-2.2887356457644734,5,2727,Standing
271,4,2026-08-30 11:55:30.960 +0200,13,0,0.009463399791818029,0.01282953850675088,2.0174117882942215,-2.0624980545739278,6,3466,Standing
272,4,2026-08-30 11:55:31.960 +0200,12,0,0.006198424486772969,0.009856659432121394,1.9846967006570804,-2.026368833325471,6,3479,Standing
274,4,2026-08-30 11:55:33.960 +0200,12,0,0.00887190303934171,0.013834761411803719,2.042083157098689,-2.102947331971383,6,3504,Standing
275,4,2026-08-30 11:55:34.960 +0200,13,0,0.008323440558296692,0.012081591820457174,2.0001079550069507,-2.1012827012570976,6,3516,Standing
276,4,2026-08-30 11:55:35.960 +0200,12,0,0.0114604769476784,0.0225378713838484,2.0308998974448977,-2.1239056938095806,6,3529,Standing
277,4,2026-08-30 11:55:36.960 +0200,13,0,0.009412212328494067,0.01609943844899902,1.929023771773355,-2.1454996876081305,6,3541,Standing
278,4,2026-08-30 11:55:37.960 +0200,12,0,0.010858788126739025,0.022383933580160956,1.9210318534728994,-2.145687147685437,6,3554,Standing
279,4,2026-08-30 11:55:38.960 +0200,13,0,0.010136885642221998,0.017003676465736476,2.0722957119257974,-2.1538524109124686,6,3566,Standing
280,4,2026-08-30 11:55:39.960 +0200,12,0,0.009903369539763299,0.021983143113792875,2.009854911931793,-2.1961416393466866,6,3579,Standing
281,4,2026-08-30 11:55:40.960 +0200,13,0,0.010398709088617621,0.017833487209951534,1.9041919464353354,-2.3028290673262903,6,3591,Standing
282,4,2026-08-30 11:55:41.960 +0200,12,0,0.009505416952467496,0.017007117015827918,1.9456144838854224,-2.281303401228879,6,3604,Standing
283,4,2026-08-30 11:55:42.960 +0200,13,0,0.007862958513702063,0.01313959400246528,1.9256971787843187,-2.17591920043325,6,3616,Standing
284,4,2026-08-30 11:55:43.960 +0200,12,0,0.008499352224053491,0.01701255822546621,1.9033173466102404,-2.159316648109026,6,3629,Standing
285,4,2026-08-30 11:55:44.960 +0200,13,0,0.008399417164568091,0.017266052378892848,1.9829024708621747,-2.176822517135029,6,3641,Standing
286,4,2026-08-30 11:55:45.960 +0200,12,0,0.008874274311495093,0.015852233331058955,1.9904210956215282,-2.1266834424341825,6,3654,Standing
287,4,2026-08-30 11:55:46.960 +0200,13,0,0.007548319564193792,0.013464056874593103,1.989285995238125,-2.1118440090800905,6,3666,Standing
288,4,2026-08-30 11:55:47.960 +0200,12,0,0.009012245607522403,0.01348909718387404,1.997393115546319,-2.1728450928768206,6,3679,Standing
289,4,2026-08-30 11:55:48.960 +0200,13,0,0.010428961455164436,0.020253851512514933,2.0019022717116037,-2.128081047031938,6,3691,Standing
290,4,2026-08-30 11:55:49.960 +0200,12,0,0.009779830623267783,0.015375556346472866,2.0679615940181355,-2.1369247096759962,6,3704,Standing
291,4,2026-08-30 11:55:50.960 +0200,13,0,0.008370478805292115,0.01898205275912153,2.0545469401167837,-2.198098966104104,6,3716,Standing
292,4,2026-08-30 11:55:51.960 +0200,14,0,0.00622278100605247,0.012840214330828109,1.9758921156666056,-1.9782375463159851,6,3729,Standing
293,4,2026-08-30 11:55:52.960 +0200,12,0,0.008822914964069709,0.01383330791770577,1.9976425541670322,-1.963173709599238,6,3743,Standing
294,4,2026-08-30 11:55:53.960 +0200,13,0,0.009416309896555128,0.01850229741342653,2.0287882304188676,-1.9689064918499932,6,3755,Standing
295,4,2026-08-30 11:55:54.960 +0200,12,0,0.009356515702220796,0.019686737045763403,2.0688409114285475,-2.0325635333421004,6,3768,Standing
296,4,2026-08-30 11:55:55.960 +0200,13,0,0.010519401437312854,0.0176502730794211,2.056826500503173,-2.0366863467147565,6,3780,Standing
297,4,2026-08-30 11:55:56.960 +0200,12,0,0.008910433721448272,0.013491041283881719,1.9861197230758278,-2.067673858764729,6,3793,Standing
298,4,2026-08-30 11:55:57.960 +0200,13,0,0.008527066102744469,0.013071070182258747,2.072834672144795,-2.0950716365383037,6,3805,Standing
299,4,2026-08-30 11:55:58.960 +0200,12,0,0.008190794875692254,0.011627138248804457,2.1163497705550713,-2.0230054612195123,6,3818,Standing
300,4,2026-08-30 11:55:59.960 +0200,13,0,0.0071792138261953615,0.011528314108162243,2.0352286099204844,-2.061544198470563,6,3830,Standing
301,4,2026-08-30 11:56:00.960 +0200,12,0,0.009590487837759587,0.017123852183168465,2.043883447807905,-2.1642218652903584,6,3843,Standing
302,4,2026-08-30 11:56:01.960 +0200,13,0,0.008832112577645353,0.013166045540432006,2.081803198255196,-2.1103613705524737,6,3855,Standing
303,4,2026-08-30 11:56:02.960 +0200,12,0,0.009615658466193399,0.01827454207508068,2.0969413978849136,-2.0767955279910795,6,3868,Standing
304,4,2026-08-30 11:56:03.960 +0200,13,0,0.009211707646634896,0.01802006633500772,2.124330832021859,-2.095413424987995,6,3880,Standing
305,4,2026-08-30 11:56:04.960 +0200,12,0,0.010151759921481578,0.014452960039176854,2.053257834806618,-2.0749027726693297,6,3893,Standing
306,4,2026-08-30 11:56:05.960 +0200,13,0,0.007227731531264765,0.01724927032696584,2.026606005163402,-2.035106863708099,6,3905,Standing
307,4,2026-08-30 11:56:06.960 +0200,12,0,0.008163053498562658,0.022749518630416108,2.0993128454244023,-2.0293353286099016,6,3918,Standing
308,4,2026-08-30 11:56:07.960 +0200,13,0,0.008829521759998698,0.016556680484645897,2.0668726232877876,-2.1243106337119775,6,3930,Standing
309,4,2026-08-30 11:56:08.960 +0200,12,0,0.007993891822222605,0.01636316800892199,2.002511026565482,-2.1355177816050572,6,3943,Standing
310,4,2026-08-30 11:56:09.960 +0200,13,0,0.00922663236471913,0.01609834846058018,1.9352452065196173,-2.103030334454944,6,3955,Standing
311,4,2026-08-30 11:56:10.960 +0200,12,0,0.008735380601794072,0.014069209723331111,1.8614516763327824,-2.076067081784122,6,3968,Standing
312,4,2026-08-30 11:56:11.960 +0200,13,0,0.009417712974500008,0.015450081397277333,1.8934747818408455,-2.0737861535899205,6,3980,Standing
313,4,2026-08-30 11:56:12.960 +0200,12,0,0.006601680900362678,0.009750743055150385,1.9745462628999009,-2.1098200095197783,6,3993,Standing
314,4,2026-08-30 11:56:13.960 +0200,13,0,0.0074745082874506695,0.01363066123449986,1.9387625098416343,-2.027623587821783,6,4005,Standing
315,4,2026-08-30 11:56:14.960 +0200,12,0,0.009777427909141953,0.020133813006432202,1.923730873971662,-2.0094560146171916,6,4018,Standing
316,4,2026-08-30 11:56:15.960 +0200,13,0,0.009036964194218953,0.01484402786797899,1.9671936538413632,-2.145292993284559,6,4030,Standing
317,4,2026-08-30 11:56:16.960 +0200,12,0,0.009015381187136504,0.018076388843621213,1.9047502078442733,-2.175454066979565,6,4043,Standing
318,4,2026-08-30 11:56:17.960 +0200,13,0,0.007636696125521803,0.01319268169116756,1.8874223174705504,-2.185692413356974,6,4055,Standing
373,4,2026-08-30 11:57:11.960 +0200,13,0,0.008294328649106994,0.014138548577376127,1.8936977326957936,-2.108306651253394,8,4772,Standing
319,4,2026-08-30 11:56:18.960 +0200,11,0,0.008715595101687925,0.01609440220948463,1.8952880584757656,-1.8666000473378348,7,4083,Standing
321,4,2026-08-30 11:56:19.960 +0200,13,0,0.01087002434420467,0.017476388622329128,1.9728604760404842,-1.8962132209895148,7,4094,Standing
322,4,2026-08-30 11:56:20.960 +0200,12,0,0.008393112195271437,0.015351517461269015,2.0381869781461273,-2.0158673637415694,7,4107,Standing
323,4,2026-08-30 11:56:21.960 +0200,13,0,0.008991852775654115,0.013131729399015659,2.064119603921961,-2.0156373429078416,7,4119,Standing
324,4,2026-08-30 11:56:22.960 +0200,12,0,0.009268106695737873,0.015635916139205536,2.128788020736876,-2.017873883219806,7,4132,Standing
325,4,2026-08-30 11:56:23.960 +0200,13,0,0.00948459909536119,0.018166908615437648,2.1247040796202183,-2.1092708079611544,7,4144,Standing
326,4,2026-08-30 11:56:24.960 +0200,12,0,0.006062360948117556,0.013170896844530749,2.059959120470672,-2.0783740842635354,7,4157,Standing
327,4,2026-08-30 11:56:25.960 +0200,13,0,0.010734836906276503,0.01649074413320865,2.058875290436416,-1.9810086859032991,7,4169,Standing
328,4,2026-08-30 11:56:26.960 +0200,12,0,0.007714074086680259,0.01567804791935477,1.958050631835239,-1.982193595512802,7,4182,Standing
329,4,2026-08-30 11:56:27.960 +0200,13,0,0.009646646568833218,0.013799579705182068,1.9581446368082764,-2.0638072130061498,7,4194,Standing
330,4,2026-08-30 11:56:28.960 +0200,12,0,0.009418370979675636,0.017336108612137517,2.0542566219040386,-2.0942318095190315,7,4207,Standing
331,4,2026-08-30 11:56:29.960 +0200,13,0,0.006536608628233339,0.012722621244218997,2.0209635132457224,-2.032330738636352,7,4219,Standing
332,4,2026-08-30 11:56:30.960 +0200,12,0,0.008767692107556421,0.016135833679024793,1.9583097885660825,-1.989967589377757,7,4232,Standing
333,4,2026-08-30 11:56:31.960 +0200,13,0,0.009226235189988498,0.014453760081591771,1.929778435030322,-2.0559426617127197,7,4244,Standing
334,4,2026-08-30 11:56:32.960 +0200,12,0,0.00737314986837295,0.014079820774248979,1.9680891726559677,-2.1011028617607628,7,4257,Standing
335,4,2026-08-30 11:56:33.960 +0200,13,0,0.006585380971947496,0.01073466866659287,1.9583782222744932,-2.0681507569034716,7,4269,Standing
336,4,2026-08-30 11:56:34.960 +0200,12,0,0.008840563639691079,0.017937181024672674,1.9791689004718052,-2.0305702319541514,7,4282,Standing
337,4,2026-08-30 11:56:35.960 +0200,13,0,0.007011460080918171,0.013871940550420457,1.98617748634841,-2.0531347495722483,7,4294,Standing
338,4,2026-08-30 11:56:36.960 +0200,12,0,0.00955598475920719,0.013137626931895744,1.9352736240592006,-2.044677909453036,7,4307,Standing
339,4,2026-08-30 11:56:37.960 +0200,13,0,0.006866070990748865,0.014501471411927891,2.0007105209941165,-1.993174257705398,7,4319,Standing
340,4,2026-08-30 11:56:38.960 +0200,12,0,0.01043109040466742,0.02212391136206715,1.994304150711695,-2.07144155005226,7,4332,Standing
374,4,2026-08-30 11:57:12.960 +0200,12,0,0.008690096661956992,0.014990938151486123,1.9105512164674954,-2.0603319516577394,8,4785,Standing
375,4,2026-08-30 11:57:13.960 +0200,13,0,0.010353016292871033,0.028261528093582032,1.9051290756781207,-2.1120161317899675,8,4797,Standing
376,4,2026-08-30 11:57:14.960 +0200,12,0,0.008710154747659656,0.01516955077168154,2.052586564504024,-2.1958383520192677,8,4810,Standing
377,4,2026-08-30 11:57:15.960 +0200,13,0,0.01068430469350775,0.017913963720196543,2.114988382951655,-2.0886244299825987,8,4822,Standing
378,4,2026-08-30 11:57:16.960 +0200,12,0,0.009225113415309271,0.015959403749958807,1.9402132296117207,-2.127227168962795,8,4835,Standing
379,4,2026-08-30 11:57:17.960 +0200,13,0,0.007495325761722447,0.013524904979153434,1.9075435206285056,-2.2102990902964597,8,4847,Standing
380,4,2026-08-30 11:57:18.960 +0200,12,0,0.008447373514347075,0.016416007637053753,2.0667733122642047,-2.076657673268662,8,4860,Standing
381,4,2026-08-30 11:57:19.960 +0200,13,0,0.00846955722987619,0.013556951064487803,2.0945133362427706,-1.9841431968716752,8,4872,Standing
382,4,2026-08-30 11:57:20.960 +0200,12,0,0.010249637935863714,0.015139605634484016,2.032073815598732,-1.9824030323179551,8,4885,Standing
341,4,2026-08-30 11:56:39.960 +0200,13,0,0.01121184146458752,0.018417629590759817,1.995772415792925,-2.1818298549333877,7,4344,Standing
342,4,2026-08-30 11:56:40.960 +0200,12,0,0.0068782387768249595,0.013734425480633729,2.0216892884470457,-2.1839736405783636,7,4357,Standing
343,4,2026-08-30 11:56:41.960 +0200,13,0,0.008877271715722076,0.014873387513796549,2.027509629568031,-2.145764883569739,7,4369,Standing
344,4,2026-08-30 11:56:42.960 +0200,12,0,0.010149949321092292,0.018048878347993444,2.1095293074180406,-2.1078747244421323,7,4382,Standing
345,4,2026-08-30 11:56:44.960 +0200,11,0,0.008036860368878443,0.014380618147779009,2.2738475622084318,-2.1617562794768657,7,4422,Standing
346,4,2026-08-30 11:56:45.960 +0200,13,0,0.009290945629389483,0.01392185289528887,2.067281615829324,-2.101026211914983,7,4433,Standing
347,4,2026-08-30 11:56:46.960 +0200,12,0,0.01069249115722404,0.018445305545971992,2.042131505628126,-2.167319167778514,7,4446,Standing
348,4,2026-08-30 11:56:47.960 +0200,13,0,0.009666735838097672,0.0199346529802363,2.0661775826512443,-2.1683758182932986,7,4458,Standing
349,4,2026-08-30 11:56:48.960 +0200,12,0,0.010641523382744706,0.017778572430665638,1.9774377570864232,-2.026335540832964,7,4471,Standing
350,4,2026-08-30 11:56:49.960 +0200,13,0,0.008424992344963038,0.015995937248833778,1.9169812630934406,-2.053432682629182,7,4483,Standing
351,4,2026-08-30 11:56:50.960 +0200,12,0,0.011381263700008798,0.016559658886487624,1.9310687154228503,-2.057911298054617,7,4496,Standing
352,4,2026-08-30 11:56:51.960 +0200,13,0,0.010441878391949653,0.014671627152272104,1.9240249420506546,-1.978954063230288,7,4508,Standing
353,4,2026-08-30 11:56:52.960 +0200,12,0,0.009972370646556183,0.019355451504943125,1.859149472473953,-2.043516361897615,7,4521,Standing
354,4,2026-08-30 11:56:53.960 +0200,13,0,0.007568959292291978,0.014556853185975311,1.9261347458759248,-2.093206904925113,7,4533,Standing
355,4,2026-08-30 11:56:54.960 +0200,12,0,0.009040810797947241,0.015945801162521145,2.0344694061630686,-2.170711230453333,7,4546,Standing
356,4,2026-08-30 11:56:55.960 +0200,13,0,0.009940246483463217,0.017360799159320296,2.0106139815825674,-2.211779424100129,7,4558,Standing
357,4,2026-08-30 11:56:56.960 +0200,12,0,0.00816133903148813,0.013934889031369763,1.9778710961862662,-2.1029435652087782,7,4571,Standing
358,4,2026-08-30 11:56:57.960 +0200,13,0,0.009840578980272767,0.01906857628207127,1.9523042982805554,-2.098569658321495,7,4583,Standing
359,4,2026-08-30 11:56:58.960 +0200,12,0,0.00956236079205681,0.016214657276306325,1.9919839457931212,-2.128829234880494,7,4596,Standing
360,4,2026-08-30 11:56:59.960 +0200,13,0,0.008652746420956243,0.01669282203988692,2.006696332973711,-1.9579003216266349,7,4608,Standing
361,4,2026-08-30 11:57:00.960 +0200,12,0,0.011696117563356099,0.024284973664170314,1.9599912326271303,-1.841546464687677,7,4621,Standing
362,4,2026-08-30 11:57:01.960 +0200,13,0,0.007614596130375879,0.015462511133854528,1.9459066279761335,-2.013297291459227,7,4633,Standing
363,4,2026-08-30 11:57:02.960 +0200,12,0,0.010022026440376723,0.022300117946535223,1.9475774194839295,-2.1827841911184103,7,4646,Standing
364,4,2026-08-30 11:57:03.960 +0200,13,0,0.008289271426843655,0.012658101641049945,2.0443184747796255,-2.1919789527432387,7,4658,Standing
365,4,2026-08-30 11:57:04.960 +0200,12,0,0.00935529895598077,0.01393516534658611,2.084039202865052,-2.1556856604010557,7,4671,Standing
366,4,2026-08-30 11:57:05.960 +0200,13,0,0.008762507126431259,0.013546440847935166,2.059221102336367,-2.0772382040520543,7,4683,Standing
367,4,2026-08-30 11:57:06.960 +0200,12,0,0.008741939790146376,0.012454542474233755,2.0679173399799122,-2.0466771914546693,7,4696,Standing
368,4,2026-08-30 11:57:07.960 +0200,13,0,0.009468797570825764,0.01944673486873963,1.9986101486779937,-2.1457324882692004,7,4708,Standing
369,4,2026-08-30 11:57:08.960 +0200,12,0,0.010780560900847698,0.015586761223386836,1.9809783592105141,-2.123730657344904,7,4721,Standing
370,4,2026-08-30 11:57:09.960 +0200,13,0,0.00764140142509628,0.011679054676888536,1.952314183713891,-2.0360033709333623,7,4733,Standing
795,4,2026-08-30 12:04:12.960 +0200,13,0,0.15207821504797794,0.3347180991694897,-13.776819548160676,26.64310687765637,16,10221,Lying chest
371,4,2026-08-30 11:57:10.960 +0200,11,0,0.006562184618089161,0.010500360278351845,1.7939979438817246,-2.086393077472878,8,4761,Standing
793,4,2026-08-30 12:04:10.960 +0200,13,0,0.17911718035091126,0.3017862612853697,-15.67949239824199,34.20834968511544,16,10196,Lying chest
794,4,2026-08-30 12:04:11.960 +0200,12,0,0.16799587789650836,0.27180626791841905,-17.668129450727225,28.143159779090738,16,10209,Lying chest
796,4,2026-08-30 12:04:13.960 +0200,12,0,0.08712947539021294,0.14893404570114321,-12.348861346131336,30.500948726206442,16,10234,Lying chest
797,4,2026-08-30 12:04:14.960 +0200,13,0,0.138286047802552,0.3862562405906149,-12.934652631276427,31.34042625335351,16,10246,Lying chest
798,4,2026-08-30 12:04:15.960 +0200,12,0,0.2469672298125483,0.41533325720381203,-7.605895666650976,27.913858266533392,16,10259,Walking
799,4,2026-08-30 12:04:16.960 +0200,13,0,0.25627169902168406,0.3581718196189055,-1.591658514357139,18.1391671288653,16,10271,Walking
800,4,2026-08-30 12:04:17.960 +0200,12,0,0.3845777371047196,0.5901708410922141,-2.3394722664610987,2.0541226896403297,16,10284,Walking
801,4,2026-08-30 12:04:18.960 +0200,13,0,0.22753349265854325,0.3220405784932722,-5.427804457532897,-15.3296426665006,16,10296,Walking
802,4,2026-08-30 12:04:19.960 +0200,12,0,0.22076470598784378,0.3318158640142204,-5.5605062565179315,-21.481679774067725,16,10309,Walking
803,4,2026-08-30 12:04:20.960 +0200,13,0,0.23979676340834644,0.3685752851414077,-5.45715227202545,-11.459177505682751,16,10321,Walking
804,4,2026-08-30 12:04:21.960 +0200,12,0,0.19913794497661833,0.9185925687602909,-8.039288408832375,0.9462997004338348,16,10334,Walking
805,4,2026-08-30 12:04:22.960 +0200,13,0,0.15542133335557798,0.33120978870680756,-9.774099811408014,8.972161133012694,16,10346,Walking
806,4,2026-08-30 12:04:23.960 +0200,12,0,0.17985285175084906,0.3296910784920387,-10.464630517985384,11.408155587394582,16,10359,Walking
807,4,2026-08-30 12:04:24.960 +0200,13,0,0.26752415302676824,0.5528603747065869,-11.778037975603267,7.289880601758106,16,10371,Walking
808,4,2026-08-30 12:04:25.960 +0200,12,0,0.271809439820559,0.4813278644042818,-9.327636551029096,5.680814317315648,16,10384,Walking
809,4,2026-08-30 12:04:26.960 +0200,13,0,0.4975816496092164,0.7067168357666325,-8.535436898571962,4.782361791707173,16,10396,Trotting
810,4,2026-08-30 12:04:27.960 +0200,12,0,0.41263807314861206,0.9940028919071406,-12.071380650569937,-5.227039914911669,16,10409,Walking
811,4,2026-08-30 12:04:28.960 +0200,13,0,0.5096901314574404,0.6836824183740311,-16.28933991042456,8.528577320772637,16,10421,Trotting
812,4,2026-08-30 12:04:29.960 +0200,12,0,0.23321648535122744,0.39152522735506284,-15.678876094796657,37.954531728391004,16,10434,Lying chest
813,4,2026-08-30 12:04:30.960 +0200,13,0,0.12690235428824626,0.18180221989097822,-14.461976428328501,49.817364784713654,16,10446,Lying chest
383,4,2026-08-30 11:57:21.960 +0200,13,0,0.00809658569615139,0.015176395516746963,2.0189674097390946,-1.9971939051668206,8,4897,Standing
384,4,2026-08-30 11:57:22.960 +0200,12,0,0.008801235302920388,0.021370975360880614,1.909946967480854,-2.021667646109799,8,4910,Standing
385,4,2026-08-30 11:57:23.960 +0200,13,0,0.010097306342824392,0.016997048570574647,1.852450747536205,-2.0499518733296105,8,4922,Standing
386,4,2026-08-30 11:57:24.960 +0200,12,0,0.010669667476917106,0.015573564939072203,1.9106726668581466,-2.130143512150307,8,4935,Standing
387,4,2026-08-30 11:57:25.960 +0200,13,0,0.008349734252466903,0.018766530061950747,1.9626920936431809,-2.264465450385308,8,4947,Standing
388,4,2026-08-30 11:57:26.960 +0200,12,0,0.010921900987202214,0.020812838646135486,1.9840482316466386,-2.212306124291613,8,4960,Standing
389,4,2026-08-30 11:57:27.960 +0200,13,0,0.00977092954094855,0.016451707624950532,1.9565010142955164,-2.027392922800173,8,4972,Standing
390,4,2026-08-30 11:57:28.960 +0200,12,0,0.009585596425478059,0.02317727546755129,2.0171908746885028,-2.0282728073407776,8,4985,Standing
391,4,2026-08-30 11:57:29.960 +0200,13,0,0.007083600760838029,0.012745748484240654,2.1476908005822333,-2.089386264912532,8,4997,Standing
392,4,2026-08-30 11:57:30.960 +0200,12,0,0.008823201353797909,0.017296345855145123,2.1253477181432157,-2.10674377163328,8,5010,Standing
393,4,2026-08-30 11:57:31.960 +0200,13,0,0.010448234004970454,0.018775419806042352,2.0871882900177114,-2.0862115029296247,8,5022,Standing
394,4,2026-08-30 11:57:32.960 +0200,12,0,0.009832626509924749,0.015597835578909789,2.0098313108982744,-2.031694691611499,8,5035,Standing
395,4,2026-08-30 11:57:33.960 +0200,13,0,0.007719652264947575,0.014958610652524138,1.9512962561164224,-1.9713383023372695,8,5047,Standing
396,4,2026-08-30 11:57:34.960 +0200,12,0,0.006387062653543164,0.008973075063095798,1.9956733803365492,-1.9635341598644835,8,5060,Standing
397,4,2026-08-30 11:57:36.960 +0200,11,0,0.00900643433414251,0.01622633604829273,2.0845275238855536,-2.2740288406089992,8,5100,Standing
398,4,2026-08-30 11:57:37.960 +0200,13,0,0.010264634141805408,0.02109037482631696,1.9716206779414713,-2.1060396369512238,8,5111,Standing
399,4,2026-08-30 11:57:38.960 +0200,12,0,0.00819170336549782,0.011966573093937496,1.9804895474815176,-2.0097497243915723,8,5124,Standing
400,4,2026-08-30 11:57:39.960 +0200,13,0,0.010468200305320953,0.016931828777549642,1.893591046836527,-2.0269242002181276,8,5136,Standing
401,4,2026-08-30 11:57:40.960 +0200,12,0,0.010543741210578444,0.01834649141222858,1.8930924611716655,-2.079619751884675,8,5149,Standing
402,4,2026-08-30 11:57:41.960 +0200,13,0,0.007832495713530166,0.015589814050579721,2.026243863708459,-2.047456932379489,8,5161,Standing
403,4,2026-08-30 11:57:42.960 +0200,12,0,0.010204742306313819,0.017135472012539642,2.036640137787756,-2.0721646545098857,8,5174,Standing
404,4,2026-08-30 11:57:43.960 +0200,13,0,0.01150310713468373,0.019897778467558403,2.0146987148161863,-2.209085336903309,8,5186,Standing
405,4,2026-08-30 11:57:44.960 +0200,12,0,0.011235064630597496,0.01786063800394143,1.9028283849751084,-2.1746392954043383,8,5199,Standing
406,4,2026-08-30 11:57:45.960 +0200,13,0,0.007774523695274325,0.01643226740412626,1.865498464696909,-2.148710673153045,8,5211,Standing
407,4,2026-08-30 11:57:46.960 +0200,12,0,0.00805910174273137,0.012206622063454419,1.9446561440920636,-2.1390589857568703,8,5224,Standing
408,4,2026-08-30 11:57:47.960 +0200,13,0,0.008867686879566702,0.01582564803208311,1.8968029854716002,-2.052153355388334,8,5236,Standing
409,4,2026-08-30 11:57:48.960 +0200,12,0,0.01047113156111139,0.024093574671719655,1.8939782659227438,-2.0497193445760167,8,5249,Standing
410,4,2026-08-30 11:57:49.960 +0200,13,0,0.008693512735206334,0.014236588240073789,2.0100650280631527,-2.1297296372516894,8,5261,Standing
411,4,2026-08-30 11:57:50.960 +0200,12,0,0.010172160623030656,0.02094390144987795,1.930839206503461,-2.102973504024336,8,5274,Standing
412,4,2026-08-30 11:57:51.960 +0200,13,0,0.008042015420755742,0.014449272673362648,1.8210666639960509,-2.053299341739103,8,5286,Standing
413,4,2026-08-30 11:57:52.960 +0200,12,0,0.00883934917721684,0.015939013839331783,1.8941047547245526,-2.0870319171118306,8,5299,Standing
414,4,2026-08-30 11:57:53.960 +0200,13,0,0.0076454135329738085,0.013612056113327818,1.9496908653698986,-2.0714014512374637,8,5311,Standing
415,4,2026-08-30 11:57:54.960 +0200,12,0,0.009447644234422901,0.022102936794666805,1.9098103706746752,-2.0565690028307784,8,5324,Standing
416,4,2026-08-30 11:57:55.960 +0200,13,0,0.009498557205885287,0.01766361994233241,1.9639966997172207,-2.0262230595149693,8,5336,Standing
417,4,2026-08-30 11:57:56.960 +0200,12,0,0.007115100436875092,0.012321189834619661,2.0804920929451254,-2.010025841021823,8,5349,Standing
418,4,2026-08-30 11:57:57.960 +0200,13,0,0.008823975639563398,0.018703195009283784,2.046691229075491,-2.0704800929596567,8,5361,Standing
419,4,2026-08-30 11:57:58.960 +0200,12,0,0.010634852562449571,0.01929932737018387,1.9520443386910582,-2.1916944910066767,8,5374,Standing
420,4,2026-08-30 11:57:59.960 +0200,13,0,0.010535615339403078,0.018092942662913936,1.9977094704373533,-2.175565829478162,8,5386,Standing
421,4,2026-08-30 11:58:00.960 +0200,12,0,0.008405906161893436,0.01558678646213473,2.0599546779117506,-2.0464682846080624,8,5399,Standing
422,4,2026-08-30 11:58:01.960 +0200,13,0,0.008621654560228691,0.014921560234225119,1.9671881604169967,-2.0396448251943355,8,5411,Standing
1266,4,2026-08-30 12:12:01.960 +0200,13,0,0.6696506109183601,0.9260212386199372,15.765260172324389,8.180047750499531,25,16298,Trotting
423,4,2026-08-30 11:58:02.960 +0200,11,0,0.00799707371777232,0.018452271347262406,1.5948441011155132,-2.1825453926709497,9,5439,Standing
425,4,2026-08-30 11:58:03.960 +0200,13,0,0.008368605589236699,0.015415780992696788,1.810447404398894,-2.1631864005307557,9,5450,Standing
426,4,2026-08-30 11:58:04.960 +0200,12,0,0.009464802195069974,0.015648365860468895,1.8496601214461712,-2.058459643879039,9,5463,Standing
427,4,2026-08-30 11:58:05.960 +0200,13,0,0.008666054876161818,0.01953415871895434,1.9317573117243028,-1.9392723260702107,9,5475,Standing
428,4,2026-08-30 11:58:06.960 +0200,12,0,0.007477719474964371,0.015582782167829557,1.9904469084679273,-1.9940296466358722,9,5488,Standing
429,4,2026-08-30 11:58:07.960 +0200,13,0,0.009171400883300571,0.01641394589077228,1.9063068730414345,-2.0453308757590105,9,5500,Standing
430,4,2026-08-30 11:58:08.960 +0200,12,0,0.00724837067231298,0.016775059216959057,1.8008258728370083,-2.0105621080361775,9,5513,Standing
431,4,2026-08-30 11:58:09.960 +0200,13,0,0.009121060233684187,0.014177448526799225,1.8908011385025003,-2.0076139428179003,9,5525,Standing
432,4,2026-08-30 11:58:10.960 +0200,12,0,0.0094013961780683,0.017026569528255323,2.020347338677817,-2.0718857561264694,9,5538,Standing
433,4,2026-08-30 11:58:11.960 +0200,13,0,0.008855518900508712,0.018984503725973365,1.919869798504829,-2.12528354535298,9,5550,Standing
434,4,2026-08-30 11:58:12.960 +0200,12,0,0.008649002290969182,0.020266790752072848,1.9128837759178252,-2.1048289565344853,9,5563,Standing
435,4,2026-08-30 11:58:13.960 +0200,13,0,0.009578663633205486,0.017274445227010937,1.9678953254114533,-2.0280399726745038,9,5575,Standing
436,4,2026-08-30 11:58:14.960 +0200,12,0,0.007285710556806486,0.010995083316974765,2.0103758510439875,-2.028809054108472,9,5588,Standing
437,4,2026-08-30 11:58:15.960 +0200,13,0,0.008849198683646163,0.019784976096053262,1.9636736139055107,-2.0791534226095965,9,5600,Standing
438,4,2026-08-30 11:58:16.960 +0200,12,0,0.01051000883544352,0.018363884554627025,1.8436463060468318,-2.0583039144363084,9,5613,Standing
439,4,2026-08-30 11:58:17.960 +0200,13,0,0.008446812906291744,0.01280190378574807,1.9250296651250793,-2.119686379231008,9,5625,Standing
440,4,2026-08-30 11:58:18.960 +0200,12,0,0.010355300544735728,0.0203028547421952,1.9613073460875985,-2.096671248184896,9,5638,Standing
441,4,2026-08-30 11:58:19.960 +0200,13,0,0.0076425961962740775,0.012672059345903534,1.904211744998387,-2.001850117492133,9,5650,Standing
442,4,2026-08-30 11:58:20.960 +0200,12,0,0.01184931991971873,0.019365331637031972,1.9558941002595178,-2.033612944934514,9,5663,Standing
443,4,2026-08-30 11:58:21.960 +0200,13,0,0.010479586396409318,0.02350719211985692,2.0110242387667823,-2.1108885731466787,9,5675,Standing
444,4,2026-08-30 11:58:22.960 +0200,12,0,0.008021268051522578,0.014833570503453321,1.9692950789357921,-2.049368525700117,9,5688,Standing
445,4,2026-08-30 11:58:23.960 +0200,13,0,0.0080313805859473,0.018741873569570522,1.960875990453251,-1.9643448423547467,9,5700,Standing
446,4,2026-08-30 11:58:24.960 +0200,12,0,0.009282593202295318,0.017696781055403846,1.990080455006141,-1.9723772520797056,9,5713,Standing
447,4,2026-08-30 11:58:25.960 +0200,13,0,0.008706952652206503,0.016006043335914696,1.9426708910056678,-2.0250418766403846,9,5725,Standing
448,4,2026-08-30 11:58:26.960 +0200,12,0,0.01040038968110349,0.015852136322359392,1.8799362580294916,-2.0166581457125865,9,5738,Standing
449,4,2026-08-30 11:58:27.960 +0200,13,0,0.008592541693167165,0.01898672709395583,1.9002406446130102,-1.9779801767502359,9,5750,Standing
450,4,2026-08-30 11:58:28.960 +0200,14,0,0.008122930420800896,0.013928990148182198,1.692039632530817,-2.13299004338505,9,5763,Standing
451,4,2026-08-30 11:58:29.960 +0200,12,0,0.008478150905107338,0.015949422231888284,1.7981167088455818,-2.153579393250664,9,5777,Standing
452,4,2026-08-30 11:58:30.960 +0200,13,0,0.010161506510183608,0.0160110854251387,1.942936945672876,-2.0329394482857266,9,5789,Standing
453,4,2026-08-30 11:58:31.960 +0200,12,0,0.00949805140668462,0.01412964789964939,1.9585749677039355,-1.9930576440877266,9,5802,Standing
454,4,2026-08-30 11:58:32.960 +0200,13,0,0.010781913213518539,0.017340363867878742,1.9057746881302622,-2.072833370149915,9,5814,Standing
455,4,2026-08-30 11:58:33.960 +0200,12,0,0.008513799389046506,0.014963459967569325,1.9197764993368203,-2.0910626111912762,9,5827,Standing
456,4,2026-08-30 11:58:34.960 +0200,13,0,0.010067681149300471,0.017493943119925214,1.9532428777423951,-2.013746315879711,9,5839,Standing
457,4,2026-08-30 11:58:35.960 +0200,12,0,0.008676616570016482,0.013528667177018875,1.9919012143802826,-2.003458563997862,9,5852,Standing
458,4,2026-08-30 11:58:36.960 +0200,13,0,0.009888456628824047,0.01588571925474385,1.99291384048739,-2.109297755992093,9,5864,Standing
459,4,2026-08-30 11:58:37.960 +0200,12,0,0.009059480436641012,0.013216990576996511,1.9247054860879873,-2.105022307108521,9,5877,Standing
1267,4,2026-08-30 12:12:02.960 +0200,12,0,0.7180127370603139,1.3509783434247407,12.833159306273247,9.1110256545011,25,16311,Trotting
1268,4,2026-08-30 12:12:03.960 +0200,13,0,0.6699565568688066,0.9956984554883159,10.348116602285598,8.572912918663361,25,16323,Trotting
1269,4,2026-08-30 12:12:04.960 +0200,12,0,0.5670053525062839,0.9819006089113148,9.83214788341627,6.163611876336826,25,16336,Trotting
1270,4,2026-08-30 12:12:05.960 +0200,13,0,0.6597324403978327,1.167968843665486,13.013566681524704,3.895186621560399,25,16348,Trotting
1271,4,2026-08-30 12:12:06.960 +0200,12,0,0.5424647794973968,0.9713889480554502,15.89021506417769,4.161848037098804,25,16361,Trotting
1272,4,2026-08-30 12:12:07.960 +0200,13,0,0.576720541249067,1.0630362350055866,17.666470640013817,5.650754871701245,25,16373,Trotting
1273,4,2026-08-30 12:12:08.960 +0200,12,0,0.4820778008839877,0.9917425630534384,21.54116846907605,3.941544322439841,25,16386,Trotting
1274,4,2026-08-30 12:12:09.960 +0200,13,0,0.3380670685586804,0.6365367323314265,32.846478656725104,-0.7365097092512305,25,16398,Walking
1275,4,2026-08-30 12:12:10.960 +0200,12,0,0.34888570260771345,0.5676375345325898,45.077933569711746,-3.5670649867854407,25,16411,Walking
1276,4,2026-08-30 12:12:11.960 +0200,13,0,0.25461664522895794,0.5265413270310119,49.21157025136172,-4.366892636399728,25,16423,Walking
1277,4,2026-08-30 12:12:12.960 +0200,12,0,0.36946657004857997,0.4817026988772524,39.69463483649432,-0.5282581750061031,25,16436,Walking
1278,4,2026-08-30 12:12:13.960 +0200,13,0,0.3780596397050967,0.5503383810184229,32.72934043517008,6.850469127652947,25,16448,Walking
1279,4,2026-08-30 12:12:14.960 +0200,12,0,0.1833936791081812,0.2826234104865962,43.36368484399224,9.213924986485784,25,16461,Walking
1280,4,2026-08-30 12:12:15.960 +0200,13,0,0.26381271567021786,0.33796938962695106,42.93599035903512,9.047454481891545,25,16473,Walking
1281,4,2026-08-30 12:12:16.960 +0200,12,0,0.3877838080445193,0.6975734708401972,30.827441626673465,5.169079711775744,25,16486,Walking
1282,4,2026-08-30 12:12:17.960 +0200,13,0,0.7558627754557049,1.1874689903727853,19.78227349284566,-0.06426022616718398,25,16498,Trotting
460,4,2026-08-30 11:58:38.960 +0200,13,0,0.007359633942874473,0.013927326303938576,1.885917477085114,-2.0213545257686882,9,5889,Standing
461,4,2026-08-30 11:58:39.960 +0200,12,0,0.009427876782761175,0.01595234796348474,1.9335459624200297,-2.014971423281488,9,5902,Standing
462,4,2026-08-30 11:58:40.960 +0200,13,0,0.00989434326287278,0.015616637471652485,1.934619901386951,-1.965932390683536,9,5914,Standing
463,4,2026-08-30 11:58:41.960 +0200,12,0,0.01025627402708875,0.01809794676078413,1.9469586685243305,-1.951591233478207,9,5927,Standing
464,4,2026-08-30 11:58:42.960 +0200,13,0,0.011184250795973329,0.01718622584388495,1.9363713477239501,-2.1049663618829535,9,5939,Standing
465,4,2026-08-30 11:58:43.960 +0200,12,0,0.007174097714151589,0.014501602939269422,1.9399060950078677,-2.0777517163246997,9,5952,Standing
466,4,2026-08-30 11:58:44.960 +0200,13,0,0.0072859852011297015,0.011819639157759475,2.009063947743198,-1.9571934869404735,9,5964,Standing
467,4,2026-08-30 11:58:45.960 +0200,12,0,0.009852311464113526,0.016594982324161525,1.9202148692667098,-1.9702355566329615,9,5977,Standing
468,4,2026-08-30 11:58:46.960 +0200,13,0,0.008450487690674241,0.015160352014163766,1.8513492145551909,-2.0812301104524944,9,5989,Standing
469,4,2026-08-30 11:58:47.960 +0200,12,0,0.007749152718098476,0.015398905893572967,1.8740453316860144,-2.0882966434712684,9,6002,Standing
470,4,2026-08-30 11:58:48.960 +0200,13,0,0.009067386590176868,0.016384734805454756,1.8577609223348053,-1.9769407778602763,9,6014,Standing
471,4,2026-08-30 11:58:49.960 +0200,12,0,0.011842555888532237,0.029491335420741487,1.9432948332085738,-1.9837919120060585,9,6027,Standing
472,4,2026-08-30 11:58:50.960 +0200,13,0,0.010795027341952467,0.02069835967876243,1.9826533587897992,-2.0970327186834585,9,6039,Standing
473,4,2026-08-30 11:58:51.960 +0200,12,0,0.010507478131261287,0.017286055546874447,1.9401884227519235,-2.1011389468549315,9,6052,Standing
474,4,2026-08-30 11:58:52.960 +0200,13,0,0.00901693265840389,0.013107827169092047,1.9958647996400116,-2.0489067112885984,9,6064,Standing
475,4,2026-08-30 11:58:53.960 +0200,12,0,0.00751312539306017,0.015882126597742623,2.0194500081477793,-2.0639279921155738,9,6077,Standing
476,4,2026-08-30 11:58:54.960 +0200,13,0,0.008889729492617455,0.01770656000869773,1.9476792420139295,-2.0743943033436896,9,6089,Standing
477,4,2026-08-30 11:58:55.960 +0200,11,0,0.006834310476975489,0.018882340058748222,2.04712171655931,-2.0426225446307757,10,6117,Standing
479,4,2026-08-30 11:58:56.960 +0200,13,0,0.008431753985540575,0.017986650696558172,2.020715122956197,-1.9185710002995056,10,6128,Standing
480,4,2026-08-30 11:58:57.960 +0200,12,0,0.01051423912656744,0.028042391787974266,2.0052098441351727,-1.983626507116793,10,6141,Standing
481,4,2026-08-30 11:58:58.960 +0200,13,0,0.009187202290827607,0.017572597058308066,2.031062952989564,-2.0932210009812318,10,6153,Standing
482,4,2026-08-30 11:58:59.960 +0200,12,0,0.00864382629966246,0.015217785532506585,1.9663117260171,-2.0479608872789945,10,6166,Standing
483,4,2026-08-30 11:59:00.960 +0200,13,0,0.010297710982908881,0.014683204996859418,1.870236573890837,-1.9523684705415438,10,6178,Standing
484,4,2026-08-30 11:59:01.960 +0200,12,0,0.00944335586592491,0.017657982395219943,1.9350338598850552,-2.0345686276936528,10,6191,Standing
485,4,2026-08-30 11:59:02.960 +0200,13,0,0.008584230795107589,0.011506009646282532,1.9904895301588719,-2.1048339534812444,10,6203,Standing
486,4,2026-08-30 11:59:03.960 +0200,12,0,0.009695727443485052,0.013897488008930753,2.0040657172813052,-2.0760583667438435,10,6216,Standing
487,4,2026-08-30 11:59:04.960 +0200,13,0,0.010335613354755246,0.019377565521692487,2.063929492133546,-2.0126127059676127,10,6228,Standing
488,4,2026-08-30 11:59:05.960 +0200,12,0,0.009565655559873699,0.015512715292519397,2.0444580529640497,-2.0000964244562356,10,6241,Standing
489,4,2026-08-30 11:59:06.960 +0200,13,0,0.009965892811135886,0.020078864770464017,1.915623845401043,-2.088980246459183,10,6253,Standing
490,4,2026-08-30 11:59:07.960 +0200,12,0,0.009053732307613017,0.014029558381398724,1.872482218967826,-2.067301749449513,10,6266,Standing
491,4,2026-08-30 11:59:08.960 +0200,13,0,0.008155903833738952,0.01691245055942118,1.8822743840613028,-2.0027543799663103,10,6278,Standing
492,4,2026-08-30 11:59:09.960 +0200,12,0,0.0069165396181353625,0.012102377561798154,1.8531465924937998,-2.026649437479544,10,6291,Standing
493,4,2026-08-30 11:59:10.960 +0200,13,0,0.008932451705379724,0.01636671407010322,1.8365040187431039,-2.0916210479348547,10,6303,Standing
494,4,2026-08-30 11:59:11.960 +0200,12,0,0.007319928396782496,0.013010303155766819,1.835896144995474,-2.093746208339627,10,6316,Standing
495,4,2026-08-30 11:59:12.960 +0200,13,0,0.008908494429213225,0.015814227405627174,1.8786533307315536,-2.0044962956373875,10,6328,Standing
496,4,2026-08-30 11:59:13.960 +0200,12,0,0.007777567158191125,0.016752011021837255,1.9702311247339959,-1.9849958787992745,10,6341,Standing
497,4,2026-08-30 11:59:14.960 +0200,13,0,0.009549173704597975,0.01769924094948674,1.9863738581706647,-1.980430362317713,10,6353,Standing
498,4,2026-08-30 11:59:15.960 +0200,12,0,0.006972594192367302,0.013098860551331366,1.9539399289456922,-1.9333250085857727,10,6366,Standing
499,4,2026-08-30 11:59:16.960 +0200,13,0,0.008006435096952102,0.012268903743579288,1.9765716162542506,-1.922627673537985,10,6378,Standing
500,4,2026-08-30 11:59:17.960 +0200,12,0,0.007004148268567139,0.01190641664403403,1.9239300141053197,-1.9242369453251256,10,6391,Standing
501,4,2026-08-30 11:59:18.960 +0200,13,0,0.009549170368156328,0.015644971672268974,1.8485090818717798,-2.023446162745827,10,6403,Standing
502,4,2026-08-30 11:59:19.960 +0200,12,0,0.00985814700066648,0.01704017755147281,1.8814317405972385,-2.1130670967595857,10,6416,Standing
503,4,2026-08-30 11:59:21.960 +0200,11,0,0.006335474985932529,0.01266817076201292,1.794126943977546,-2.3637211780970704,10,6456,Standing
504,4,2026-08-30 11:59:22.960 +0200,13,0,0.008773764752542724,0.017089523978996712,1.8457543935760632,-2.2010175456527103,10,6467,Standing
505,4,2026-08-30 11:59:23.960 +0200,12,0,0.009751274366468003,0.018396950436893135,1.9189604340959965,-2.0659262126884137,10,6480,Standing
506,4,2026-08-30 11:59:24.960 +0200,13,0,0.008942565910283834,0.012986045243384623,1.9003810892808064,-2.0652810390951015,10,6492,Standing
507,4,2026-08-30 11:59:25.960 +0200,12,0,0.013410119772647437,0.023958156308612016,1.8481340182647001,-2.0573465385785616,10,6505,Standing
508,4,2026-08-30 11:59:26.960 +0200,13,0,0.009864717398555005,0.01945483587010978,1.8517467479141858,-2.0424880168329214,10,6517,Standing
509,4,2026-08-30 11:59:27.960 +0200,12,0,0.007546852982780203,0.0139438369782461,1.8932389151809295,-2.090210816919478,10,6530,Standing
510,4,2026-08-30 11:59:28.960 +0200,13,0,0.009480899883831386,0.013707944537894057,1.8477051788086543,-2.0010196862405145,10,6542,Standing
511,4,2026-08-30 11:59:29.960 +0200,12,0,0.0853705530429129,0.42124069546008475,2.0130371083608805,-2.2306765299228335,10,6555,Walking
512,4,2026-08-30 11:59:30.960 +0200,13,0,0.31461070721964074,0.6589365604512976,-0.40835591295122253,-3.840592245695726,10,6567,Walking
513,4,2026-08-30 11:59:31.960 +0200,12,0,0.6103046780656461,1.047152532985811,-4.039564725243087,6.41766522849451,10,6580,Trotting
514,4,2026-08-30 11:59:32.960 +0200,13,0,0.36901165845948836,0.6380401695051381,-5.362259390472939,23.060068739403953,10,6592,Walking
515,4,2026-08-30 11:59:33.960 +0200,12,0,0.41967456069003145,0.6745474436329149,-3.612932383816497,19.750374298057462,10,6605,Walking
516,4,2026-08-30 11:59:34.960 +0200,13,0,0.4331101380825189,0.5941673894568386,0.9440819342279385,2.6796097864364103,10,6617,Walking
517,4,2026-08-30 11:59:35.960 +0200,12,0,0.32988009277063635,0.5089067111131818,9.266412314385304,-5.943634976158083,10,6630,Walking
518,4,2026-08-30 11:59:36.960 +0200,13,0,0.46059832507176296,0.6672275541195554,9.694002594832524,0.1831124712260485,10,6642,Walking
519,4,2026-08-30 11:59:37.960 +0200,12,0,0.25537750165892953,0.3783508338570685,3.9795777791183453,6.483657414831391,10,6655,Walking
520,4,2026-08-30 11:59:38.960 +0200,13,0,0.2895402585050509,0.7601151822357413,9.254482050553632,4.551353455178917,10,6667,Walking
521,4,2026-08-30 11:59:39.960 +0200,12,0,0.2735208150657418,0.5594336309553832,10.527435643456366,-1.321844990996234,10,6680,Walking
522,4,2026-08-30 11:59:40.960 +0200,13,0,0.31042814214480663,0.882736632147308,5.3878379929438704,0.6940187294099911,10,6692,Walking
523,4,2026-08-30 11:59:41.960 +0200,12,0,0.4080733098838476,0.6483359839153126,13.293652804674187,8.892275152716666,10,6705,Walking
524,4,2026-08-30 11:59:42.960 +0200,13,0,0.8554586805265796,6.102334519613365,19.69926095996536,4.698817080696571,10,6717,Trotting
525,4,2026-08-30 11:59:43.960 +0200,12,0,0.2523561062199095,0.3247487583694626,12.186593510950013,-4.940513721656356,10,6730,Walking
526,4,2026-08-30 11:59:44.960 +0200,13,0,0.08349655009647791,0.2641431989434383,3.733932976284661,-4.473562754091761,10,6742,Standing
527,4,2026-08-30 11:59:45.960 +0200,12,0,0.00837102540599776,0.014079427068281043,1.618125251777806,-2.2668118805305024,10,6755,Standing
528,4,2026-08-30 11:59:46.960 +0200,13,0,0.010307149079944004,0.01678661086056265,1.59970304268075,-2.3127624664314306,10,6767,Standing
529,4,2026-08-30 11:59:47.960 +0200,11,0,0.007357348644508582,0.014149234111062045,1.532461648276371,-2.306623141495051,11,6795,Standing
531,4,2026-08-30 11:59:48.960 +0200,13,0,0.009948546005434895,0.01845625680659086,1.3753451322191492,-2.301243131580495,11,6806,Standing
532,4,2026-08-30 11:59:49.960 +0200,12,0,0.008659661991343697,0.016869733483109262,1.4111558292301034,-2.1950687350253886,11,6819,Standing
533,4,2026-08-30 11:59:50.960 +0200,13,0,0.00933567787535422,0.012064538457320752,1.5466763988016354,-2.1352917408037237,11,6831,Standing
534,4,2026-08-30 11:59:51.960 +0200,12,0,0.010298133348837314,0.01913699866995533,1.57118970350069,-2.153390402834207,11,6844,Standing
535,4,2026-08-30 11:59:52.960 +0200,13,0,0.0072599093801798955,0.014003029427418255,1.5019593834887794,-2.2357530832127086,11,6856,Standing
536,4,2026-08-30 11:59:53.960 +0200,12,0,0.009937232959089302,0.014456245704053215,1.5198956737701153,-2.276016073580051,11,6869,Standing
537,4,2026-08-30 11:59:54.960 +0200,13,0,0.009536980696057202,0.01766448175066889,1.5594925733257199,-2.1891504747340953,11,6881,Standing
538,4,2026-08-30 11:59:55.960 +0200,12,0,0.009724410585964639,0.016858388707511097,1.6404927499325759,-2.1902297636666694,11,6894,Standing
539,4,2026-08-30 11:59:56.960 +0200,13,0,0.009528675264689094,0.016637784330373176,1.6841476962584918,-2.2463527578786264,11,6906,Standing
540,4,2026-08-30 11:59:57.960 +0200,12,0,0.008402538642549336,0.013009163268009046,1.5591151447118505,-2.3151258326709545,11,6919,Standing
541,4,2026-08-30 11:59:58.960 +0200,13,0,0.009790988931854754,0.014356593911847435,1.5002144996608857,-2.330316186242858,11,6931,Standing
542,4,2026-08-30 11:59:59.960 +0200,12,0,0.008709474335862622,0.011726318966791126,1.5308577585266894,-2.291489653184637,11,6944,Standing
543,4,2026-08-30 12:00:00.960 +0200,13,0,0.007536765833968807,0.011265368031442652,1.4872755920355885,-2.373730872243714,11,6956,Standing
544,4,2026-08-30 12:00:01.960 +0200,12,0,0.4842070326950217,1.841171047818962,0.6552853139229413,-1.31834373834126,11,6969,Trotting
545,4,2026-08-30 12:00:02.960 +0200,13,0,1.16470035697736,1.5489086237842753,-16.53835943220957,27.303707705023882,11,6981,Trotting
546,4,2026-08-30 12:00:03.960 +0200,12,0,1.0288629604853832,1.2914649783775438,-22.808073353547893,66.51964026971066,11,6994,Trotting
547,4,2026-08-30 12:00:04.960 +0200,13,0,0.8511056940235069,1.1554312570613405,-20.928617081591646,31.922585322387842,11,7006,Trotting
548,4,2026-08-30 12:00:05.960 +0200,12,0,0.7596258215428274,1.0289467630600235,-33.35489386226155,16.94366502890284,11,7019,Trotting
549,4,2026-08-30 12:00:06.960 +0200,13,0,0.24539998411197628,0.584292818400428,-46.144664219513174,41.18498607763012,11,7031,Lying chest
550,4,2026-08-30 12:00:07.960 +0200,12,0,0.9876600202172504,3.681926398170263,-34.36733516255479,49.66107778594656,11,7044,Trotting
551,4,2026-08-30 12:00:08.960 +0200,13,0,1.4473421872275511,3.321838228314657,-0.7283239748066943,50.42284969387455,11,7056,Trotting
552,4,2026-08-30 12:00:09.960 +0200,12,0,1.1054846374809386,1.6240892714891761,43.77618489388353,38.05144240364886,11,7069,Trotting
553,4,2026-08-30 12:00:10.960 +0200,13,0,1.0532054775987947,1.3633585938644948,19.08445530862848,22.918486145146936,11,7081,Trotting
554,4,2026-08-30 12:00:11.960 +0200,12,0,1.2747935679726015,4.638907661210349,-27.182684637982575,51.559078934079615,11,7094,Trotting
555,4,2026-08-30 12:00:13.960 +0200,11,0,0.28342958389516526,0.5716039366468002,66.82220276283498,-4.606144370695332,11,7134,Walking
556,4,2026-08-30 12:00:14.960 +0200,13,0,0.2176107958967194,0.35015500381463005,83.27186340636854,-4.600457512016379,11,7145,Standing
557,4,2026-08-30 12:00:15.960 +0200,12,0,0.4331415215740675,0.5710301841500848,82.69498300856664,-3.797040990792578,11,7158,Walking
558,4,2026-08-30 12:00:16.960 +0200,13,0,0.3496514261434594,0.5800508024723279,60.767207746269364,-10.435872662834496,11,7170,Walking
559,4,2026-08-30 12:00:17.960 +0200,12,0,0.2569966497338148,0.6091587469544593,43.221761558730805,-16.310837016972176,11,7183,Walking
560,4,2026-08-30 12:00:18.960 +0200,13,0,0.3842241793765189,0.5530316950879286,35.05100217249295,-9.48281604765261,11,7195,Walking
561,4,2026-08-30 12:00:19.960 +0200,12,0,0.2985709223119439,0.43373734175380896,19.082404648687554,-4.270975425030929,11,7208,Walking
562,4,2026-08-30 12:00:20.960 +0200,13,0,0.390433027831984,0.7020681808508086,9.972704037884078,-4.552408597618838,11,7220,Walking
563,4,2026-08-30 12:00:21.960 +0200,12,0,0.3849842213347126,0.6728943703287102,24.250631966160498,-0.6397314443765038,11,7233,Walking
564,4,2026-08-30 12:00:22.960 +0200,13,0,0.7898670316381969,1.1988767187189535,52.419094596333714,1.446435522388931,11,7245,Trotting
565,4,2026-08-30 12:00:23.960 +0200,12,0,0.5474320401981575,1.0384637965001855,79.08705556243122,-3.4243032710051122,11,7258,Walking
566,4,2026-08-30 12:00:24.960 +0200,13,0,0.29445273019070856,0.518499891287554,61.494603284651966,-10.442293156606876,11,7270,Walking
567,4,2026-08-30 12:00:25.960 +0200,12,0,0.39808110507010364,1.7021622290152671,54.25079871012693,-11.750939211437554,11,7283,Walking
568,4,2026-08-30 12:00:26.960 +0200,13,0,0.9532891269531414,1.2944578696652107,63.4584352620215,-16.394570449529454,11,7295,Trotting
569,4,2026-08-30 12:00:27.960 +0200,12,0,0.5261221113306567,0.961471630497681,48.33077007678938,-30.861303261926512,11,7308,Walking
570,4,2026-08-30 12:00:28.960 +0200,13,0,0.3979900216481157,0.6172704471911074,43.68945788755462,-30.283134862358033,11,7320,Walking
571,4,2026-08-30 12:00:29.960 +0200,12,0,0.27480345237714887,0.5246698419940565,51.620010504523115,-19.81484427914399,11,7333,Standing
572,4,2026-08-30 12:00:30.960 +0200,13,0,0.16099335948980079,0.2665384230299812,44.638543046832396,-15.155641629869926,11,7345,Standing
573,4,2026-08-30 12:00:31.960 +0200,12,0,0.172173768039898,0.2653135832999212,40.73351905541116,-14.143718091389244,11,7358,Standing
574,4,2026-08-30 12:00:32.960 +0200,13,0,0.17697343892204626,0.28997898769713437,36.304214691440514,-14.327504449074878,11,7370,Standing
575,4,2026-08-30 12:00:33.960 +0200,12,0,0.14256001699220683,0.27225656130356884,31.263643566406525,-17.610770855961977,11,7383,Standing
576,4,2026-08-30 12:00:34.960 +0200,13,0,0.3255804961211849,1.057713899893943,28.10598053647395,-24.674177521899306,11,7395,Walking
577,4,2026-08-30 12:00:35.960 +0200,12,0,0.08255152411242173,0.1404351320869253,25.478017670068336,-29.12262215291692,11,7408,Lying chest
578,4,2026-08-30 12:00:36.960 +0200,13,0,0.4999012126837949,1.3447712137315255,25.369968320578796,-23.983820663109068,11,7420,Trotting
579,4,2026-08-30 12:00:37.960 +0200,12,0,0.5701744877131446,0.7314699887033664,10.756554040308181,-6.290124064706674,11,7433,Trotting
580,4,2026-08-30 12:00:38.960 +0200,13,0,0.29042063828168296,0.5464437879715225,-17.47607016737264,4.514912094382662,11,7445,Walking
581,4,2026-08-30 12:00:39.960 +0200,14,0,0.07539812278594492,0.2554825387037212,-21.87771411240137,-7.909590234084837,12,7458,Standing
583,4,2026-08-30 12:00:40.960 +0200,12,0,0.25661707517305826,0.4658281543159597,-17.3294368745058,-10.960500176703848,12,7472,Walking
584,4,2026-08-30 12:00:41.960 +0200,13,0,0.20590173419063423,0.31114555739875943,-5.016841704076601,-14.53847139081311,12,7484,Walking
585,4,2026-08-30 12:00:42.960 +0200,12,0,0.18968231670984007,0.27699485135199575,2.5318183478172194,-15.351954499782138,12,7497,Walking
586,4,2026-08-30 12:00:43.960 +0200,13,0,0.12478268792082282,0.20414825419357555,-1.6508678878349532,-9.282348681154103,12,7509,Standing
587,4,2026-08-30 12:00:44.960 +0200,12,0,0.05772256479085489,0.11982670390467413,-3.769947779916008,-4.262015746433193,12,7522,Standing
588,4,2026-08-30 12:00:45.960 +0200,13,0,0.04224463460608027,0.07457147980021663,-2.464339860034613,-3.7765247064667014,12,7534,Standing
589,4,2026-08-30 12:00:46.960 +0200,12,0,0.04681367319374696,0.09952370284135194,-1.656717218257354,-3.894478679466506,12,7547,Standing
590,4,2026-08-30 12:00:47.960 +0200,13,0,0.17899088812812738,0.2684946667214336,-3.4497552212092297,-7.764564459859032,12,7559,Walking
591,4,2026-08-30 12:00:48.960 +0200,12,0,0.0801116526151564,0.12179225401465386,-7.076171140426134,-13.911874024536294,12,7572,Standing
592,4,2026-08-30 12:00:49.960 +0200,13,0,0.334468452684761,0.7701587938393242,-5.528656116151408,-14.102541144150234,12,7584,Walking
593,4,2026-08-30 12:00:50.960 +0200,12,0,0.8666840782980952,1.1888546317490205,15.77590691492601,-4.184034411099801,12,7597,Trotting
594,4,2026-08-30 12:00:51.960 +0200,13,0,0.4835927311792687,0.6912418482784398,42.5285993265115,17.349881785645564,12,7609,Walking
595,4,2026-08-30 12:00:52.960 +0200,12,0,0.41455847510678967,0.735247040464093,39.8310098747563,40.917273984053125,12,7622,Walking
596,4,2026-08-30 12:00:53.960 +0200,13,0,0.2600355382039561,0.5028434204542381,27.720911275477874,52.97317313590112,12,7634,Lying chest
597,4,2026-08-30 12:00:54.960 +0200,12,0,0.8613235615345022,1.1886192730745502,29.143843254285937,38.67610257015476,12,7647,Trotting
598,4,2026-08-30 12:00:55.960 +0200,13,0,0.6518422240334997,1.4706280608982278,30.05868922510123,-0.48243549034124267,12,7659,Trotting
599,4,2026-08-30 12:00:56.960 +0200,12,0,0.4798411590946899,0.6969430808780441,19.465981045086185,-10.481476259248362,12,7672,Trotting
600,4,2026-08-30 12:00:57.960 +0200,13,0,0.6292090815874298,0.9744359999813894,26.46073514756973,8.18744569742716,12,7684,Trotting
601,4,2026-08-30 12:00:58.960 +0200,12,0,0.6115435605898847,0.8754776450554108,54.10714008186897,9.89685772688523,12,7697,Trotting
602,4,2026-08-30 12:00:59.960 +0200,13,0,0.693507902341133,0.9183340599371037,72.08468995866475,-12.961548537228108,12,7709,Trotting
603,4,2026-08-30 12:01:00.960 +0200,12,0,0.4978419872667712,0.9752401631892564,42.13377577590877,-47.70327766483882,12,7722,Walking
604,4,2026-08-30 12:01:01.960 +0200,13,0,0.8786281543076038,2.1889237935233674,17.11934826888265,-61.58107116441376,12,7734,Walking
605,4,2026-08-30 12:01:02.960 +0200,12,0,0.5998401563329221,0.9776686153449888,2.3026052526392267,-38.44601133907451,12,7747,Walking
606,4,2026-08-30 12:01:03.960 +0200,13,0,0.233620617800955,0.34097771995646026,-4.712208559767704,-14.570366258749614,12,7759,Walking
607,4,2026-08-30 12:01:04.960 +0200,12,0,0.0707910096271365,0.1602401638612752,-1.239910189035012,-4.566248773074294,12,7772,Standing
608,4,2026-08-30 12:01:06.960 +0200,11,0,0.006208595997609896,0.013268302834133655,2.2455479386377726,-3.3346972202851544,12,7812,Standing
609,4,2026-08-30 12:01:07.960 +0200,13,0,0.008316779786240168,0.012575581510754651,2.209346967468235,-3.2824846079717136,12,7823,Standing
610,4,2026-08-30 12:01:08.960 +0200,12,0,0.009080646278252743,0.01574600438495053,2.1698399394349797,-3.177761675632098,12,7836,Standing
611,4,2026-08-30 12:01:09.960 +0200,13,0,0.009275027907792482,0.01424554417195735,2.089194105087971,-3.0842293780310786,12,7848,Standing
612,4,2026-08-30 12:01:10.960 +0200,12,0,0.009954379335413318,0.02479663435801781,2.0535769088546316,-3.0025369658522205,12,7861,Standing
613,4,2026-08-30 12:01:11.960 +0200,13,0,0.01221181303156387,0.020257478581040232,2.1935856477969544,-2.917694823274341,12,7873,Standing
614,4,2026-08-30 12:01:12.960 +0200,12,0,0.009479345119198573,0.017045355738729145,2.166676353132027,-3.0586699850199204,12,7886,Standing
615,4,2026-08-30 12:01:13.960 +0200,13,0,0.010130603715343743,0.015827757037480846,2.048202060251288,-3.1460261718889635,12,7898,Standing
616,4,2026-08-30 12:01:14.960 +0200,12,0,0.008823197290638162,0.015979721391275813,2.1540511317516216,-3.0413159294506085,12,7911,Standing
617,4,2026-08-30 12:01:15.960 +0200,13,0,0.0077395074658138385,0.013303568319757379,2.224670717474779,-3.011282449451327,12,7923,Standing
618,4,2026-08-30 12:01:16.960 +0200,12,0,0.00822070109230891,0.014526023334953455,2.1448466872130587,-3.0412651190245104,12,7936,Standing
619,4,2026-08-30 12:01:17.960 +0200,13,0,0.009166812016078468,0.01609814778211365,2.0877636933982986,-3.057016368627414,12,7948,Standing
620,4,2026-08-30 12:01:18.960 +0200,12,0,0.007658939511800391,0.017568612470600826,2.1019844562596344,-3.0732585387785654,12,7961,Standing
621,4,2026-08-30 12:01:19.960 +0200,13,0,0.008149568295975353,0.014357033988062689,2.119891094969591,-3.0915331680159324,12,7973,Standing
622,4,2026-08-30 12:01:20.960 +0200,12,0,0.008803559279091438,0.01462626414256027,2.175651063015932,-3.136895457608857,12,7986,Standing
623,4,2026-08-30 12:01:21.960 +0200,13,0,0.011023612736122122,0.01656029884538654,2.2456006978174594,-3.1539798621785975,12,7998,Standing
624,4,2026-08-30 12:01:22.960 +0200,12,0,0.00902626893706482,0.015884620604866805,2.2914731185172417,-3.0719855779391714,12,8011,Standing
625,4,2026-08-30 12:01:23.960 +0200,13,0,0.00840837155707122,0.01340868855241551,2.229177351636472,-3.0993282004402145,12,8023,Standing
626,4,2026-08-30 12:01:24.960 +0200,12,0,0.00998578064243156,0.014429235561792769,2.1289461698347565,-3.1802396458857753,12,8036,Standing
627,4,2026-08-30 12:01:25.960 +0200,13,0,0.016423955499300993,0.09974977730365266,2.143307531863046,-3.2200776191415654,12,8048,Standing
628,4,2026-08-30 12:01:26.960 +0200,12,0,0.024273104371746113,0.09122124440937456,2.6551501658502694,-3.1886985547325413,12,8061,Standing
629,4,2026-08-30 12:01:27.960 +0200,13,0,0.011919077355098034,0.016495463181046204,2.8049452619529665,-3.0578453769613887,12,8073,Standing
630,4,2026-08-30 12:01:28.960 +0200,12,0,0.3050272079655796,0.7459564923959752,-0.013423513529384682,-3.2345730552970617,12,8086,Walking
631,4,2026-08-30 12:01:29.960 +0200,13,0,0.46736385634998595,1.059053371746923,-5.148168654277992,-3.9551299462571996,12,8098,Trotting
632,4,2026-08-30 12:01:30.960 +0200,12,0,0.19396590456176674,0.4533294533757523,-4.277970479204858,-1.8204058825037082,12,8111,Walking
633,4,2026-08-30 12:01:31.960 +0200,13,0,0.29782321281681734,0.8582044150160902,-1.9263286095008885,-3.4478046481972036,12,8123,Walking
1583,4,2026-08-30 12:17:16.960 +0200,13,0,0.37645463807815027,0.7221976182347937,21.245991984719044,4.122819741330231,31,20366,Walking
634,4,2026-08-30 12:01:32.960 +0200,11,0,0.036036773929744345,0.06182951035831538,-4.556725847822559,-12.85472773182791,13,8151,Standing
636,4,2026-08-30 12:01:33.960 +0200,13,0,0.06053036145340137,0.09298761752467127,-4.714062038747686,-11.753420981697008,13,8162,Standing
637,4,2026-08-30 12:01:34.960 +0200,12,0,0.06424330105740832,0.08871927965415231,-7.075869493131432,-10.14112814403133,13,8175,Standing
638,4,2026-08-30 12:01:35.960 +0200,13,0,0.06808847608470119,0.16186935333949024,-9.178515843500124,-9.237159719326211,13,8187,Standing
639,4,2026-08-30 12:01:36.960 +0200,12,0,0.3886759427352682,0.6491671604449247,-13.23702605243352,-5.185928093979069,13,8200,Walking
640,4,2026-08-30 12:01:37.960 +0200,13,0,0.4280447843936409,0.6311690798155866,-19.062879106857807,11.234389379443202,13,8212,Walking
641,4,2026-08-30 12:01:38.960 +0200,12,0,0.3510490523774465,0.530677323474381,-7.82325198490917,17.87685542012125,13,8225,Walking
642,4,2026-08-30 12:01:39.960 +0200,13,0,0.14700330555224608,0.23632611506844803,5.464594826761314,8.857076849579245,13,8237,Walking
643,4,2026-08-30 12:01:40.960 +0200,12,0,0.13261892955378096,0.35124507564608864,3.613970869931771,8.162139551406968,13,8250,Walking
644,4,2026-08-30 12:01:41.960 +0200,13,0,0.07012998217323707,0.12943148821800032,0.9015549510099523,10.87111516305714,13,8262,Standing
645,4,2026-08-30 12:01:42.960 +0200,12,0,0.11917057365715654,0.41146942528690766,1.9010271880950347,9.356168321671401,13,8275,Walking
646,4,2026-08-30 12:01:43.960 +0200,13,0,0.09673366848943117,0.1714385268110732,5.141279479579267,4.790601548454624,13,8287,Standing
647,4,2026-08-30 12:01:44.960 +0200,12,0,0.08010503899652152,0.1710782467162887,8.408644058225212,0.9333042830343515,13,8300,Standing
648,4,2026-08-30 12:01:45.960 +0200,13,0,0.059001894277034436,0.14009493989117913,10.524683567506035,-1.5539279804850386,13,8312,Standing
649,4,2026-08-30 12:01:46.960 +0200,12,0,0.09481251159429566,0.3368952765935614,11.42639342936287,-3.0165702004860755,13,8325,Walking
650,4,2026-08-30 12:01:47.960 +0200,13,0,0.2252771371682172,1.3583952359982463,11.266200106068494,-3.0878385813147697,13,8337,Walking
651,4,2026-08-30 12:01:48.960 +0200,12,0,0.12525990860094793,0.24950389394416247,6.229746737746914,1.0301079001607778,13,8350,Walking
652,4,2026-08-30 12:01:49.960 +0200,13,0,0.2686739654199544,0.5451239320289246,-1.5992383668325776,1.11388810997731,13,8362,Walking
653,4,2026-08-30 12:01:50.960 +0200,12,0,0.1715725518202551,0.3730747058333247,1.2955745244679484,-6.819886829609913,13,8375,Walking
654,4,2026-08-30 12:01:51.960 +0200,13,0,0.12284700266032078,0.1860483758990316,7.085527846903329,-7.58455170652464,13,8387,Standing
655,4,2026-08-30 12:01:52.960 +0200,12,0,0.08135939137474406,0.1409512692849343,6.452009983631611,-4.266828694024207,13,8400,Standing
1584,4,2026-08-30 12:17:17.960 +0200,12,0,0.48545623588470893,0.9849225121483414,21.421687050044753,9.23484505733886,31,20379,Trotting
1585,4,2026-08-30 12:17:18.960 +0200,13,0,0.5689267405152842,1.265062474613539,15.99679124532963,8.449486758724406,31,20391,Trotting
1586,4,2026-08-30 12:17:19.960 +0200,12,0,1.2185261036435848,2.6338524810748405,4.4817865804335755,4.344679150723339,31,20404,Trotting
1587,4,2026-08-30 12:17:20.960 +0200,13,0,1.2923492081881554,2.085136576617246,4.802868902823468,5.05880377841791,31,20416,Trotting
1588,4,2026-08-30 12:17:21.960 +0200,12,0,1.004124722793893,1.97566725947876,16.247940646567773,2.8723559144895243,31,20429,Trotting
1589,4,2026-08-30 12:17:22.960 +0200,13,0,0.8212245466445152,1.4609184345572084,15.935735046713809,0.9421495712452509,31,20441,Trotting
1590,4,2026-08-30 12:17:23.960 +0200,12,0,0.6245116765967588,1.0763993558691962,11.702926870962452,1.434409364677899,31,20454,Trotting
1591,4,2026-08-30 12:17:24.960 +0200,13,0,0.62592952385764,1.3129447006171227,10.080815185739475,2.894568200948548,31,20466,Trotting
1592,4,2026-08-30 12:17:25.960 +0200,12,0,0.5646626999745488,0.965680345486185,10.773476154211407,6.49446086532333,31,20479,Trotting
656,4,2026-08-30 12:01:53.960 +0200,13,0,0.1412435058939957,0.2979260995122901,2.4498409876288894,-5.075773098347032,13,8412,Walking
657,4,2026-08-30 12:01:54.960 +0200,12,0,0.27203338679918704,0.4773893951219383,3.390642381682442,-10.21458820113878,13,8425,Walking
658,4,2026-08-30 12:01:55.960 +0200,13,0,0.13724149382696318,0.21794448668272903,8.458715797424954,-12.826881585320532,13,8437,Standing
659,4,2026-08-30 12:01:56.960 +0200,12,0,0.19074787997354792,0.2825989174041881,3.777801696182234,-10.911555297787602,13,8450,Walking
660,4,2026-08-30 12:01:58.960 +0200,11,0,0.2900046307645828,0.5075062333573988,18.010517945431967,-22.002146639560575,13,8490,Walking
661,4,2026-08-30 12:01:59.960 +0200,13,0,0.17940855350205462,0.38350240902252514,13.317503265047346,-19.4501715364288,13,8501,Walking
662,4,2026-08-30 12:02:00.960 +0200,12,0,0.16719472683859402,0.249085213165192,10.001266476020035,-19.907149310189737,13,8514,Lying chest
663,4,2026-08-30 12:02:01.960 +0200,13,0,1.1453026764052234,1.660519016381255,12.262919221498795,-34.53639288779346,13,8526,Trotting
664,4,2026-08-30 12:02:02.960 +0200,12,0,0.8849521237769964,1.1760981004800986,31.527787684177483,-31.59824913863291,13,8539,Trotting
665,4,2026-08-30 12:02:03.960 +0200,13,0,1.2788628558488178,1.7041500621638053,22.913991523662787,-33.135418634542205,13,8551,Trotting
666,4,2026-08-30 12:02:04.960 +0200,12,0,0.4438063394790153,0.7984331703889815,-0.927982269489508,-36.5286313294288,13,8564,Walking
667,4,2026-08-30 12:02:05.960 +0200,13,0,0.2509070231929638,0.676334939406556,-2.8008415758141116,-20.411520052367955,13,8576,Walking
668,4,2026-08-30 12:02:06.960 +0200,12,0,0.3049200692147001,0.601135599688995,1.3725148242198042,-12.248018937726707,13,8589,Walking
669,4,2026-08-30 12:02:07.960 +0200,13,0,0.15295795496613504,0.31299423369224005,1.644267571887208,-6.7678627729392185,13,8601,Walking
670,4,2026-08-30 12:02:08.960 +0200,12,0,0.1529956573557524,0.29837102922690806,-0.6389293405263182,-10.913212853410535,13,8614,Walking
671,4,2026-08-30 12:02:09.960 +0200,13,0,0.1189829188388174,0.27345650398699983,0.3279353723763891,-15.167042991045877,13,8626,Lying chest
672,4,2026-08-30 12:02:10.960 +0200,12,0,0.28937595998466886,0.5969777368934331,-1.7924601093129944,-12.81991670475786,13,8639,Walking
673,4,2026-08-30 12:02:11.960 +0200,13,0,0.14509626696259528,0.19895593218993876,-11.654042290567899,-7.37284467536288,13,8651,Walking
674,4,2026-08-30 12:02:12.960 +0200,12,0,1.5158080910749552,6.366933162064436,-15.627645629198511,-3.465187474709557,13,8664,Trotting
675,4,2026-08-30 12:02:13.960 +0200,13,0,1.787059921565229,6.11465947718566,38.0824468038313,7.039000468304272,13,8676,Trotting
676,4,2026-08-30 12:02:14.960 +0200,12,0,0.417569963719653,0.8070451637242981,62.632763142594435,5.660673770894736,13,8689,Walking
677,4,2026-08-30 12:02:15.960 +0200,13,0,0.6635192062527453,0.8557104817720865,28.223370536184365,4.509434470076016,13,8701,Trotting
678,4,2026-08-30 12:02:16.960 +0200,12,0,0.267941030220319,0.4603790367191856,0.19171903806000593,13.835600552369534,13,8714,Walking
679,4,2026-08-30 12:02:17.960 +0200,13,0,0.19382032838292007,0.3791948784543689,-10.087688685391726,13.462668912235513,13,8726,Walking
680,4,2026-08-30 12:02:18.960 +0200,12,0,0.05889703323729881,0.12077787732625479,-8.031895069361836,9.647087885525545,13,8739,Standing
681,4,2026-08-30 12:02:19.960 +0200,13,0,0.05834477491940425,0.09520038389300832,-8.340493872781956,8.653170195164352,13,8751,Standing
682,4,2026-08-30 12:02:20.960 +0200,12,0,0.043114602084219515,0.08319723876763555,-9.615706495009954,7.265650283808044,13,8764,Standing
683,4,2026-08-30 12:02:21.960 +0200,13,0,0.04785023651576462,0.08520830169963173,-11.284350972861368,5.73261764253707,13,8776,Standing
684,4,2026-08-30 12:02:22.960 +0200,12,0,0.0828258894889762,0.12505757207660181,-11.859093353164804,5.882765108947303,13,8789,Standing
685,4,2026-08-30 12:02:23.960 +0200,13,0,0.2106367048898846,0.4135914404227778,-10.353404682897215,8.977380546087685,13,8801,Walking
1320,4,2026-08-30 12:12:54.960 +0200,13,0,0.7962955515693468,1.4358218404277527,2.286426445614357,23.579889810967124,26,16976,Trotting
686,4,2026-08-30 12:02:24.960 +0200,11,0,0.04896523610361099,0.12328300156266975,-13.906111720167928,4.928601168546494,14,8829,Standing
688,4,2026-08-30 12:02:25.960 +0200,13,0,0.07289764468040948,0.15567109383323638,-13.230463468831395,8.495417849334064,14,8840,Standing
689,4,2026-08-30 12:02:26.960 +0200,12,0,0.03560975632285533,0.061234595638811125,-12.653071643250145,9.5778269282546,14,8853,Standing
690,4,2026-08-30 12:02:27.960 +0200,13,0,0.02949032243238847,0.06461503452666428,-12.168744045008339,8.762704891959258,14,8865,Standing
691,4,2026-08-30 12:02:28.960 +0200,12,0,0.05533283258880042,0.13771982428796278,-11.305633683409681,8.653338906757714,14,8878,Standing
692,4,2026-08-30 12:02:29.960 +0200,13,0,0.055099596915071894,0.10798215989832757,-11.323138660472184,8.387657061703473,14,8890,Standing
693,4,2026-08-30 12:02:30.960 +0200,12,0,0.023642232330614615,0.039563463377108234,-12.496946137426699,8.04490272448433,14,8903,Standing
694,4,2026-08-30 12:02:31.960 +0200,13,0,0.02733008076520493,0.04154786849080408,-12.702226703616628,8.509803104193843,14,8915,Standing
695,4,2026-08-30 12:02:32.960 +0200,12,0,0.031071204878092812,0.04740283741043612,-12.266996421108466,8.341663529067837,14,8928,Standing
696,4,2026-08-30 12:02:33.960 +0200,13,0,0.023475683047205802,0.05762023359102398,-12.126796032240744,7.8281011420439635,14,8940,Standing
697,4,2026-08-30 12:02:34.960 +0200,12,0,0.03028712428471614,0.05378909552191536,-11.620756050309081,7.727841414542517,14,8953,Standing
698,4,2026-08-30 12:02:35.960 +0200,13,0,0.02595474905895064,0.047820001400174166,-11.082722185089164,7.625002734430686,14,8965,Standing
699,4,2026-08-30 12:02:36.960 +0200,12,0,0.11494291014354863,0.20250404212590808,-9.625383674080663,8.73594999579217,14,8978,Standing
700,4,2026-08-30 12:02:37.960 +0200,13,0,0.07687243711723389,0.13914218976674003,-5.022768321299098,10.58386454803585,14,8990,Standing
701,4,2026-08-30 12:02:38.960 +0200,12,0,0.2131374408201808,0.49543669224886533,0.6409170148036695,10.14381716608669,14,9003,Walking
702,4,2026-08-30 12:02:39.960 +0200,13,0,0.21565618583071858,0.36607847376433994,10.197789216216847,10.094223939783577,14,9015,Walking
703,4,2026-08-30 12:02:40.960 +0200,12,0,0.171406099362335,0.3596796304022491,15.435987530440281,9.995772440125137,14,9028,Walking
704,4,2026-08-30 12:02:41.960 +0200,13,0,0.16343649792407963,0.4182863234168458,7.700513223468286,6.0997193798823774,14,9040,Walking
705,4,2026-08-30 12:02:42.960 +0200,12,0,0.07703778479683851,0.12729471257130015,2.659416291423058,5.180002475358366,14,9053,Standing
706,4,2026-08-30 12:02:43.960 +0200,13,0,0.032080360187673095,0.06491625507878813,4.921857424670302,7.815022376485272,14,9065,Standing
707,4,2026-08-30 12:02:44.960 +0200,12,0,0.01679212246901377,0.032590356812913134,6.104135354027657,8.461468200552519,14,9078,Standing
1321,4,2026-08-30 12:12:55.960 +0200,12,0,0.7215786084323614,1.2948842069967086,9.812611640071486,23.78131594308908,26,16989,Trotting
1322,4,2026-08-30 12:12:56.960 +0200,13,0,0.5743092976308024,0.8005856422410743,9.545563776897486,22.27239768489647,26,17001,Trotting
1323,4,2026-08-30 12:12:57.960 +0200,12,0,0.47955021684340476,0.9248234583205502,6.527934298537942,19.670413768631786,26,17014,Walking
1324,4,2026-08-30 12:12:58.960 +0200,13,0,0.5145886481249252,1.161285742023847,6.1374565768789715,18.936049530093975,26,17026,Trotting
1325,4,2026-08-30 12:12:59.960 +0200,12,0,0.7140788422348755,1.7039443973571946,10.298811483815834,18.146892708944048,26,17039,Trotting
1326,4,2026-08-30 12:13:00.960 +0200,13,0,0.3204905106106608,0.6739015258439509,8.511076261495008,20.246051360266147,26,17051,Walking
1327,4,2026-08-30 12:13:01.960 +0200,12,0,0.2789165945871691,0.5332470911700483,4.822049335615659,20.435488546247427,26,17064,Walking
1328,4,2026-08-30 12:13:02.960 +0200,13,0,0.4137522883648633,0.7981589284270691,8.551921487029075,19.63650061217057,26,17076,Walking
1329,4,2026-08-30 12:13:03.960 +0200,12,0,0.4381182262403794,0.7175966902123867,12.566858874299312,19.56313112981069,26,17089,Walking
708,4,2026-08-30 12:02:45.960 +0200,13,0,0.059450672644977214,0.16623568258085894,5.847972545977229,8.195137533293142,14,9090,Standing
709,4,2026-08-30 12:02:46.960 +0200,12,0,0.5387799188017461,0.7728027028605432,15.89205229803843,6.962505046348556,14,9103,Trotting
710,4,2026-08-30 12:02:47.960 +0200,13,0,0.24846297817337368,0.3984819352747221,39.55186906967252,5.056815890684892,14,9115,Walking
711,4,2026-08-30 12:02:48.960 +0200,12,0,0.6708911828224172,0.9454567596578012,39.61541977838235,4.630313454093229,14,9128,Trotting
712,4,2026-08-30 12:02:50.960 +0200,11,0,0.1570269444585898,0.3055827863788724,-9.812335293480118,9.041358425193694,14,9168,Walking
713,4,2026-08-30 12:02:51.960 +0200,13,0,0.056534822741179644,0.12265801755815392,-11.857499823526362,-1.0215433362008308,14,9179,Standing
714,4,2026-08-30 12:02:52.960 +0200,12,0,0.026091124961723316,0.054969351205145886,-13.034000248259238,-3.577095064096353,14,9192,Standing
715,4,2026-08-30 12:02:53.960 +0200,13,0,0.16801733975554975,0.2867639758538035,-12.866669041229708,-2.33362914770473,14,9204,Walking
716,4,2026-08-30 12:02:54.960 +0200,12,0,0.41740682658317757,1.0004112198395523,-5.67375191561723,3.9138232149028664,14,9217,Walking
717,4,2026-08-30 12:02:55.960 +0200,13,0,0.2885358153830373,0.6054333709815428,12.845664762186077,7.809648005465741,14,9229,Walking
718,4,2026-08-30 12:02:56.960 +0200,12,0,0.24326244426729507,0.41194550794927315,15.01066675916514,7.2011598301571125,14,9242,Walking
719,4,2026-08-30 12:02:57.960 +0200,13,0,0.19557575761015888,0.35751758945649437,3.1658264087260766,9.840752146928292,14,9254,Walking
720,4,2026-08-30 12:02:58.960 +0200,12,0,0.21863183218170856,0.4761001564448676,-3.0886020039673845,12.04915903653648,14,9267,Walking
721,4,2026-08-30 12:02:59.960 +0200,13,0,0.1878131083301349,0.2950667724364698,-4.4820805199130245,13.206871381003616,14,9279,Walking
722,4,2026-08-30 12:03:00.960 +0200,12,0,0.35037585518349307,0.6794136644361249,-6.217391965736319,8.944753966435604,14,9292,Walking
723,4,2026-08-30 12:03:01.960 +0200,13,0,0.5359924617718537,0.766394335359592,-27.938903318642943,6.042347222463659,14,9304,Trotting
724,4,2026-08-30 12:03:02.960 +0200,12,0,0.10858264047631877,0.19586093532213106,-50.02509526420304,11.194910414379036,14,9317,Standing
725,4,2026-08-30 12:03:03.960 +0200,13,0,0.07036236831342436,0.11153201939688061,-53.92495559543701,14.179840899571671,14,9329,Standing
726,4,2026-08-30 12:03:04.960 +0200,12,0,0.05907942241583233,0.15452113273680404,-52.67895711453405,14.492008694916636,14,9342,Standing
727,4,2026-08-30 12:03:05.960 +0200,13,0,0.13309845323441724,0.30640611429712383,-50.198926963978124,14.445824866067852,14,9354,Standing
728,4,2026-08-30 12:03:06.960 +0200,12,0,0.07813159108763205,0.16412891816447114,-45.51619474972498,14.339652853587767,14,9367,Standing
729,4,2026-08-30 12:03:07.960 +0200,13,0,0.08010571175127078,0.22809364782734298,-43.5816159539656,13.178061997265237,14,9379,Standing
730,4,2026-08-30 12:03:08.960 +0200,12,0,0.10139034273537274,0.3324929571122883,-45.719801342987076,9.6267268621155,14,9392,Standing
731,4,2026-08-30 12:03:09.960 +0200,13,0,0.18935246725026686,0.49601790715586475,-46.61861398836319,3.3251243097905667,14,9404,Walking
732,4,2026-08-30 12:03:10.960 +0200,12,0,0.07760924657289428,0.1415066339770898,-43.831925810194555,-0.024964845307094474,14,9417,Standing
733,4,2026-08-30 12:03:11.960 +0200,13,0,0.05953241200349973,0.10465165506722737,-42.31411858170684,1.178763816829763,14,9429,Standing
734,4,2026-08-30 12:03:12.960 +0200,12,0,0.048576904819969964,0.08758814173371192,-43.05707639190587,2.1182891544089606,14,9442,Standing
735,4,2026-08-30 12:03:13.960 +0200,13,0,0.033041770060915764,0.053891340764734896,-43.51341725720595,3.5111160535508352,14,9454,Standing
736,4,2026-08-30 12:03:14.960 +0200,12,0,0.08866990233714576,0.6558634404231947,-43.44232944422776,4.703300170965435,14,9467,Walking
737,4,2026-08-30 12:03:15.960 +0200,13,0,0.1410086993643459,0.2616564383957705,-43.18304849703641,6.215724057925572,14,9479,Standing
738,4,2026-08-30 12:03:16.960 +0200,14,0,0.08401191685456025,0.3421306179618144,-44.321922629451024,6.058591139392777,15,9492,Standing
740,4,2026-08-30 12:03:17.960 +0200,12,0,0.17423130758074612,0.4097268056972334,-42.76443092596508,4.941272303390111,15,9506,Walking
741,4,2026-08-30 12:03:18.960 +0200,13,0,0.21779233810023924,0.3911857044540181,-40.17234882528423,7.969607707164193,15,9518,Walking
742,4,2026-08-30 12:03:19.960 +0200,12,0,0.2357273833430614,0.3539220332653562,-36.96801971096131,11.017354734572493,15,9531,Walking
743,4,2026-08-30 12:03:20.960 +0200,13,0,0.23531284024482765,0.409763771656598,-28.483260281088924,8.352008989355614,15,9543,Walking
744,4,2026-08-30 12:03:21.960 +0200,12,0,0.35454669932221705,0.6943535135139753,-16.19759140880874,6.851575282429496,15,9556,Walking
745,4,2026-08-30 12:03:22.960 +0200,13,0,0.29448397791577413,0.44189105497057196,-22.207716142235217,4.950758633429184,15,9568,Walking
746,4,2026-08-30 12:03:23.960 +0200,12,0,0.24733253967744562,0.7599911396394783,-34.75420449907933,-2.6337707658518,15,9581,Walking
747,4,2026-08-30 12:03:24.960 +0200,13,0,0.36836373813324474,1.409080020679708,-38.85174690023966,-10.63086935655204,15,9593,Walking
748,4,2026-08-30 12:03:25.960 +0200,12,0,0.3182636411333207,1.0281298566199155,-42.72105547951219,-18.35697760643397,15,9606,Walking
749,4,2026-08-30 12:03:26.960 +0200,13,0,0.16346894555920283,0.44045174042497187,-45.85255419446245,-21.293365500565418,15,9618,Walking
750,4,2026-08-30 12:03:27.960 +0200,12,0,0.21195638729986058,0.6552217135394883,-45.57751408937556,-19.739260917521438,15,9631,Walking
751,4,2026-08-30 12:03:28.960 +0200,13,0,0.17346863662639014,0.26807177662290477,-44.477620024404466,-14.686790584021818,15,9643,Walking
752,4,2026-08-30 12:03:29.960 +0200,12,0,0.11408199504581461,0.3074404258317378,-44.59246118697333,-9.158299807451163,15,9656,Walking
753,4,2026-08-30 12:03:30.960 +0200,13,0,0.13583626877782454,0.3046623137799234,-42.122034398671936,-8.89288293600609,15,9668,Walking
754,4,2026-08-30 12:03:31.960 +0200,12,0,0.1967257014968813,0.5586175443476551,-35.87173566831266,-11.14909825805401,15,9681,Walking
755,4,2026-08-30 12:03:32.960 +0200,13,0,0.22644612884034698,1.1894502551315087,-36.22860789808462,-11.657498859651655,15,9693,Walking
756,4,2026-08-30 12:03:33.960 +0200,12,0,0.12598202515891416,0.20059197394658496,-42.460239367700744,-11.543672270361041,15,9706,Walking
757,4,2026-08-30 12:03:34.960 +0200,13,0,0.09417702359175996,0.1618995717078912,-40.55502792236568,-9.809413653025807,15,9718,Standing
758,4,2026-08-30 12:03:35.960 +0200,12,0,0.18591097290028347,0.2731579919961795,-35.1053294415078,-6.329956683487798,15,9731,Walking
759,4,2026-08-30 12:03:36.960 +0200,13,0,0.36933482598450884,0.7664441679460956,-35.10980729993665,-12.574703943823202,15,9743,Walking
760,4,2026-08-30 12:03:37.960 +0200,12,0,0.1538825662780147,0.2183517079653633,-39.206273310686065,-23.907774032381912,15,9756,Walking
761,4,2026-08-30 12:03:38.960 +0200,13,0,0.2507920843515187,0.41778156134583605,-39.8399156998985,-25.873048178005128,15,9768,Walking
762,4,2026-08-30 12:03:39.960 +0200,12,0,0.6823135912536374,1.3954476061060481,-34.026847880186175,-30.6311010120822,15,9781,Trotting
763,4,2026-08-30 12:03:40.960 +0200,13,0,0.3950165715965902,0.8530053702098179,-27.48472182470027,-41.71361372407753,15,9793,Walking
764,4,2026-08-30 12:03:41.960 +0200,12,0,0.3429991753381145,0.42880645847331894,-19.20486575171243,-53.1684817772688,15,9806,Lying chest
765,4,2026-08-30 12:03:43.960 +0200,11,0,0.4858194651697769,0.8479324162935667,-64.30758103885773,-23.333023648125195,15,9846,Walking
766,4,2026-08-30 12:03:44.960 +0200,13,0,0.7943552276007264,2.0536526756038502,-53.326874775565315,-35.68755093060445,15,9857,Trotting
767,4,2026-08-30 12:03:45.960 +0200,12,0,1.058154288995984,1.9332398879971784,-63.40322049173472,0.6523233134829386,15,9870,Trotting
768,4,2026-08-30 12:03:46.960 +0200,13,0,0.2723194271831451,0.5074841858133431,-20.972189618392097,55.16773162069017,15,9882,Lying chest
769,4,2026-08-30 12:03:47.960 +0200,12,0,0.23675050725613103,0.36694157027305235,-12.742755413200596,62.573369621663836,15,9895,Lying chest
770,4,2026-08-30 12:03:48.960 +0200,13,0,0.1697436471323558,0.28488958168958073,-12.290044576816722,62.55318307279946,15,9907,Lying chest
771,4,2026-08-30 12:03:49.960 +0200,12,0,0.1769641695790913,0.27076986624621885,-14.169250946781018,62.38699400495855,15,9920,Lying chest
772,4,2026-08-30 12:03:50.960 +0200,13,0,0.14067278128903443,0.2780703006489626,-14.33880755879279,63.760039401359904,15,9932,Lying chest
773,4,2026-08-30 12:03:51.960 +0200,12,0,0.16273189149400127,0.3209189317674984,-13.10521341657048,62.64601106606836,15,9945,Lying chest
774,4,2026-08-30 12:03:52.960 +0200,13,0,0.13122197215902415,0.404224077181518,-13.046817663463067,61.43288347209993,15,9957,Lying chest
775,4,2026-08-30 12:03:53.960 +0200,12,0,0.11975423798388125,0.26078366369338374,-13.720738410001994,62.444626194435415,15,9970,Lying chest
776,4,2026-08-30 12:03:54.960 +0200,13,0,0.20005859585154312,0.49326904748197353,-13.414154723325531,62.19958214660558,15,9982,Lying chest
777,4,2026-08-30 12:03:55.960 +0200,12,0,0.13755946256458282,0.29047073884788926,-12.942144645242294,61.57631303484019,15,9995,Lying chest
778,4,2026-08-30 12:03:56.960 +0200,13,0,1.06341497378942,1.6059555153059888,-11.313998653473645,49.16182328785343,15,10007,Trotting
779,4,2026-08-30 12:03:57.960 +0200,12,0,1.1988049333890063,1.577655241214943,-6.956519888436401,-12.646006551049561,15,10020,Trotting
780,4,2026-08-30 12:03:58.960 +0200,13,0,0.6500273825235385,1.065198067315272,3.7926188532539302,-41.76025984616789,15,10032,Walking
781,4,2026-08-30 12:03:59.960 +0200,12,0,0.07019997503333152,0.20034684135302372,2.1622209598889914,-4.330055628488004,15,10045,Standing
782,4,2026-08-30 12:04:00.960 +0200,13,0,0.023539642127052954,0.08841069560033293,2.7120565265152337,-2.8698833010446445,15,10057,Standing
783,4,2026-08-30 12:04:01.960 +0200,12,0,0.2876372128203916,0.49113351297415814,3.0964362302416273,-2.868615716193693,15,10070,Walking
784,4,2026-08-30 12:04:02.960 +0200,13,0,0.4821360361411138,0.6833066794345466,15.678470928038639,-2.702239775959487,15,10082,Trotting
785,4,2026-08-30 12:04:03.960 +0200,12,0,0.46965660377524876,0.6721718139981827,27.577467040778362,2.3198842190605884,15,10095,Walking
786,4,2026-08-30 12:04:04.960 +0200,13,0,0.41488216228529307,0.7235269932604987,10.56235601393529,7.25241869878021,15,10107,Walking
787,4,2026-08-30 12:04:05.960 +0200,12,0,0.24550695900795197,0.3611586054848659,-1.1796329098245415,7.023397455150026,15,10120,Walking
788,4,2026-08-30 12:04:06.960 +0200,13,0,0.288501565247434,0.41472120439844984,6.585695594210464,8.668524503813986,15,10132,Walking
789,4,2026-08-30 12:04:07.960 +0200,12,0,0.2264683725149714,0.40363823471628585,3.7368373084882713,12.411796572942569,15,10145,Walking
790,4,2026-08-30 12:04:08.960 +0200,13,0,0.1349669950156738,0.26286957124518173,-6.491370232023703,12.029127100910511,15,10157,Walking
1111,4,2026-08-30 12:09:26.960 +0200,13,0,0.27636296958487594,0.4597613734953788,51.974523068918145,7.769384894564267,22,14289,Walking
791,4,2026-08-30 12:04:09.960 +0200,11,0,0.15064040158919162,0.3560402855233416,-7.591525058546932,36.49410284185048,16,10185,Lying chest
1109,4,2026-08-30 12:09:24.960 +0200,13,0,0.6329427933031717,1.1536061768159784,19.891699611881126,15.249586962852174,22,14264,Trotting
1110,4,2026-08-30 12:09:25.960 +0200,12,0,0.571962705412488,1.387053952896667,32.043928281746695,12.158149781135743,22,14277,Trotting
1112,4,2026-08-30 12:09:27.960 +0200,12,0,0.7224289125525704,1.4791635405610413,47.180327849020784,9.47231722465095,22,14302,Trotting
1113,4,2026-08-30 12:09:28.960 +0200,13,0,0.5991096940223619,1.0113860214711599,21.548585644913334,15.177513107836903,22,14314,Trotting
1114,4,2026-08-30 12:09:29.960 +0200,12,0,0.6009425884876259,1.1965695543796058,14.600356937063609,19.09548991609864,22,14327,Trotting
1115,4,2026-08-30 12:09:30.960 +0200,13,0,0.5173567486720458,0.8448277083084413,31.738043808771252,16.566830377765996,22,14339,Trotting
1116,4,2026-08-30 12:09:31.960 +0200,12,0,0.5578285799496995,0.8714541009272307,34.569709788115254,15.585802226359185,22,14352,Trotting
1117,4,2026-08-30 12:09:32.960 +0200,13,0,0.44840293101483497,0.7399754421244538,26.39096083298572,13.529202310615581,22,14364,Walking
1118,4,2026-08-30 12:09:33.960 +0200,12,0,0.5194277474279255,1.0371349056916128,37.06058644977828,9.88282864795629,22,14377,Trotting
1119,4,2026-08-30 12:09:34.960 +0200,13,0,0.1505799885532271,0.2856595197556621,51.760750686167746,8.622971401831556,22,14389,Walking
1120,4,2026-08-30 12:09:35.960 +0200,12,0,0.2678613135612377,0.7384536762863054,53.06220927868114,5.825478417802419,22,14402,Walking
1121,4,2026-08-30 12:09:36.960 +0200,13,0,0.6457173185620382,1.2113754067590032,38.874345380899726,11.69870014921128,22,14414,Trotting
1122,4,2026-08-30 12:09:37.960 +0200,12,0,0.6431739281552675,0.9990146751996525,18.89546448994031,19.397305711145616,22,14427,Trotting
1123,4,2026-08-30 12:09:38.960 +0200,13,0,0.5521123865739826,0.9507099662645584,13.304263261950531,18.65543468614389,22,14439,Trotting
1124,4,2026-08-30 12:09:39.960 +0200,12,0,0.5443455952836118,0.9177301018146904,29.136496660581532,14.499459716219002,22,14452,Trotting
1125,4,2026-08-30 12:09:40.960 +0200,13,0,0.27342736122056155,0.41493321588036713,48.315885308942185,6.394135996883746,22,14464,Walking
1126,4,2026-08-30 12:09:41.960 +0200,12,0,0.5265537397898559,0.7351120319912368,43.47471244642244,9.158054942845832,22,14477,Trotting
1127,4,2026-08-30 12:09:42.960 +0200,13,0,0.6133666082950512,1.113951407534033,24.561650392805007,18.658507438854585,22,14489,Trotting
1128,4,2026-08-30 12:09:43.960 +0200,12,0,0.4436087542576396,0.713493408305001,13.169832272171256,20.856379294777533,22,14502,Walking
814,4,2026-08-30 12:04:31.960 +0200,12,0,0.18604679640013536,0.3005146059066478,-14.892751139914784,49.855978226670345,16,10459,Lying chest
815,4,2026-08-30 12:04:32.960 +0200,13,0,0.11944807845121366,0.2546623869608314,-11.809204014110945,45.59075435577491,16,10471,Lying chest
816,4,2026-08-30 12:04:33.960 +0200,12,0,0.10236227163994398,0.22961040619900577,-8.703810391402314,46.41778458613056,16,10484,Lying chest
817,4,2026-08-30 12:04:35.960 +0200,11,0,0.09357222271686085,0.1748035500132457,-7.417431252888267,57.54727117252318,16,10524,Lying chest
818,4,2026-08-30 12:04:36.960 +0200,13,0,0.1271975255912331,0.29837754564180763,-7.78199716995972,61.83566451732705,16,10535,Lying chest
819,4,2026-08-30 12:04:37.960 +0200,12,0,0.20234127418241277,0.3240135593299713,-6.596050397339751,63.82550423964573,16,10548,Lying chest
820,4,2026-08-30 12:04:38.960 +0200,13,0,0.34960065674890023,0.7762689862409534,0.6795106552769207,62.28048483474378,16,10560,Lying chest
821,4,2026-08-30 12:04:39.960 +0200,12,0,0.29619245193930405,0.49108790829588833,5.047737640280894,46.353235246219576,16,10573,Lying chest
822,4,2026-08-30 12:04:40.960 +0200,13,0,0.2346420882088973,0.6920861164529302,4.563273794344591,33.29623445902301,16,10585,Walking
823,4,2026-08-30 12:04:41.960 +0200,12,0,0.43423491931032704,0.6810127761324362,4.909160211827993,23.08915690881069,16,10598,Walking
824,4,2026-08-30 12:04:42.960 +0200,13,0,0.4022148673211075,0.7112590637366981,2.6499716774042312,0.9741936514326515,16,10610,Walking
825,4,2026-08-30 12:04:43.960 +0200,12,0,0.24036221354909468,0.44488177467604967,0.6532497773797213,-20.22783318454484,16,10623,Walking
826,4,2026-08-30 12:04:44.960 +0200,13,0,0.15525641762902923,0.27895757776679875,-1.8628142021470364,-28.88732783885361,16,10635,Lying chest
827,4,2026-08-30 12:04:45.960 +0200,12,0,0.08398328426948698,0.18767371770538335,-3.346219235944291,-25.387407752441927,16,10648,Lying chest
828,4,2026-08-30 12:04:46.960 +0200,13,0,0.1517194722170872,0.37070140707182697,-2.546575562265097,-22.909831602720455,16,10660,Lying chest
829,4,2026-08-30 12:04:47.960 +0200,12,0,0.3390233805944633,0.4763744508534422,1.1227636226104483,-18.36267748046623,16,10673,Walking
830,4,2026-08-30 12:04:48.960 +0200,13,0,0.22405291563895474,0.4168395425395562,5.860060471211393,-11.394306480441536,16,10685,Walking
831,4,2026-08-30 12:04:49.960 +0200,12,0,0.20442003874655532,0.31584949995970235,4.524008619635009,-19.365062225651315,16,10698,Walking
832,4,2026-08-30 12:04:50.960 +0200,13,0,0.04902714733288137,0.11279967184915225,3.398081244168769,-29.1411064306141,16,10710,Lying chest
833,4,2026-08-30 12:04:51.960 +0200,12,0,0.12211249139253545,0.26845773911478216,5.637619556679316,-30.238039596901302,16,10723,Lying chest
834,4,2026-08-30 12:04:52.960 +0200,13,0,0.22240202744160154,0.4856548030648358,8.870192343684478,-31.975139747144798,16,10735,Lying chest
835,4,2026-08-30 12:04:53.960 +0200,12,0,0.26574979185749464,0.9951519198989038,7.1709249594666,-28.766709402885027,16,10748,Walking
836,4,2026-08-30 12:04:54.960 +0200,13,0,0.15814046720951713,0.30585714892360466,0.2878996200960222,-23.377117518834112,16,10760,Lying chest
837,4,2026-08-30 12:04:55.960 +0200,12,0,0.08526297092360612,0.299762502598849,-2.306627675904966,-24.6549179343928,16,10773,Lying chest
838,4,2026-08-30 12:04:56.960 +0200,13,0,0.23739551679443388,0.36796828403969845,-0.2345275017561788,-21.772772588895883,16,10785,Walking
839,4,2026-08-30 12:04:57.960 +0200,12,0,0.21694712272341488,0.31720901348649566,6.8478178697402585,-12.0248525513854,16,10798,Walking
840,4,2026-08-30 12:04:58.960 +0200,13,0,0.1618644073200705,0.6302566393495337,12.256870641792817,-5.548270123837186,16,10810,Walking
841,4,2026-08-30 12:04:59.960 +0200,12,0,0.08460797616377026,0.11481898916696252,9.666745326392215,-5.944367276504174,16,10823,Standing
842,4,2026-08-30 12:05:00.960 +0200,13,0,0.13228927400634213,0.22252521827386193,4.373667953051061,-6.419474408168568,16,10835,Standing
954,4,2026-08-30 12:06:50.960 +0200,12,0,1.0439333700920688,1.5839720685864154,-9.315290559057432,63.87090370176852,19,12268,Trotting
843,4,2026-08-30 12:05:01.960 +0200,11,0,0.09615114211143024,0.2394181395544702,3.003246000457024,-12.934285871004498,17,10863,Standing
951,4,2026-08-30 12:06:47.960 +0200,13,0,1.1628009431148145,1.8758357466136064,63.06779290100126,-11.487569027706765,19,12230,Trotting
952,4,2026-08-30 12:06:48.960 +0200,12,0,0.9886830693264418,1.5081261774889274,30.587387094270138,10.900241104643277,19,12243,Trotting
953,4,2026-08-30 12:06:49.960 +0200,13,0,0.9807117462490177,1.6348081251446749,4.074543764155569,41.34964047990177,19,12255,Trotting
955,4,2026-08-30 12:06:51.960 +0200,13,0,0.7995877361750386,1.1568482827966184,-12.103997581602933,26.887683134636454,19,12280,Trotting
956,4,2026-08-30 12:06:52.960 +0200,12,0,0.33894157989726575,0.9481473523159966,-5.053249129429369,2.793147075240814,19,12293,Walking
957,4,2026-08-30 12:06:53.960 +0200,13,0,0.35319926795021206,0.6923151281420056,-3.3602220803472376,1.6040819944127667,19,12305,Walking
958,4,2026-08-30 12:06:54.960 +0200,12,0,0.2300199476628476,0.4385370167676759,-0.7658383938778889,-13.250246495028705,19,12318,Walking
959,4,2026-08-30 12:06:55.960 +0200,13,0,0.14417907064593252,0.27225686267999183,-3.090581957488718,-22.780253522888398,19,12330,Lying chest
960,4,2026-08-30 12:06:56.960 +0200,12,0,0.1008756521694693,0.19457082813059062,-8.048396107522597,-24.53906876851209,19,12343,Lying chest
961,4,2026-08-30 12:06:57.960 +0200,13,0,0.26219535849253606,0.43482693751049384,-8.290689618665933,-19.334884316806917,19,12355,Walking
962,4,2026-08-30 12:06:58.960 +0200,12,0,0.3738395969173245,0.8805283436819135,-3.1768431482043287,-8.835078848360462,19,12368,Walking
963,4,2026-08-30 12:06:59.960 +0200,13,0,0.4639202822075126,0.8124678140867648,-0.1257678260009272,-0.5281261834249806,19,12380,Walking
964,4,2026-08-30 12:07:00.960 +0200,12,0,0.3140178970458619,0.43827827463483043,3.418664281563812,-3.2258310651979882,19,12393,Walking
965,4,2026-08-30 12:07:01.960 +0200,13,0,0.18895030509317476,0.3876200680989457,5.854752982588982,-14.724224481199103,19,12405,Walking
966,4,2026-08-30 12:07:02.960 +0200,12,0,0.2073384686538449,0.3776200415630771,5.641604564156908,-16.820038149906363,19,12418,Walking
967,4,2026-08-30 12:07:03.960 +0200,13,0,0.1454763932918478,0.3087926170342389,6.094841686278913,-8.518649204579868,19,12430,Walking
968,4,2026-08-30 12:07:04.960 +0200,12,0,0.2122401196939645,0.29670703617736116,0.682311038002391,-8.897868942913641,19,12443,Walking
969,4,2026-08-30 12:07:05.960 +0200,13,0,0.17924999341226858,0.33511336105977685,-3.225982252422815,-12.684654914927235,19,12455,Walking
970,4,2026-08-30 12:07:06.960 +0200,12,0,0.23350250990486265,0.5359212068800313,-0.17916907042897642,-12.22541050119947,19,12468,Walking
971,4,2026-08-30 12:07:07.960 +0200,13,0,0.3072823067420213,0.5305463926773452,1.1602339491896474,-11.273785157010549,19,12480,Walking
972,4,2026-08-30 12:07:08.960 +0200,12,0,0.27807095416382344,0.4482375304268984,3.5554214726473963,-8.262319898241447,19,12493,Walking
845,4,2026-08-30 12:05:02.960 +0200,13,0,0.09586559957029178,0.2854825267533444,0.37841368211644455,-14.036816007804255,17,10874,Standing
846,4,2026-08-30 12:05:03.960 +0200,12,0,0.10610773104803291,0.201833621351959,0.050590536682395514,-12.177686907674657,17,10887,Standing
847,4,2026-08-30 12:05:04.960 +0200,13,0,0.08646365592619887,0.1395102074317082,1.0768797196205768,-7.552829754246952,17,10899,Standing
848,4,2026-08-30 12:05:05.960 +0200,12,0,0.04869059603789495,0.07716058346710179,0.9990411442223874,-4.710275802223585,17,10912,Standing
849,4,2026-08-30 12:05:06.960 +0200,13,0,0.08074566455484317,0.1290303295949868,0.7286823782925571,-5.6028871548378,17,10924,Standing
850,4,2026-08-30 12:05:07.960 +0200,12,0,0.08095231427464335,0.1322408807347064,1.1698463950073033,-6.00494599259395,17,10937,Standing
851,4,2026-08-30 12:05:08.960 +0200,13,0,0.09829054532471491,0.176301108653888,0.8028788809651713,-6.762878674172724,17,10949,Standing
852,4,2026-08-30 12:05:09.960 +0200,12,0,0.08146075425764406,0.12578657804778834,-0.8612998013973924,-8.532618537698804,17,10962,Standing
853,4,2026-08-30 12:05:10.960 +0200,13,0,0.171514337112185,0.3652104115177672,0.2822943530840197,-9.243996522455877,17,10974,Walking
854,4,2026-08-30 12:05:11.960 +0200,12,0,0.39886807446459144,1.1603062783384483,1.8333520222811028,-9.654951381734755,17,10987,Walking
855,4,2026-08-30 12:05:12.960 +0200,13,0,0.329573475508873,0.5865293415190354,-10.672390496003185,-13.401205025053441,17,10999,Walking
856,4,2026-08-30 12:05:13.960 +0200,12,0,0.18458668516920665,0.45156398165766637,-20.790830950603233,-13.064184002249883,17,11012,Walking
857,4,2026-08-30 12:05:14.960 +0200,13,0,0.3627930002087264,0.5738920983268573,-19.165436915847852,-6.3811044807191015,17,11024,Walking
858,4,2026-08-30 12:05:15.960 +0200,12,0,0.21626726314407538,0.3657777063392824,-21.162430500524582,-6.4751266001142005,17,11037,Walking
859,4,2026-08-30 12:05:16.960 +0200,13,0,0.27736429959144626,0.5577134955244111,-19.878371641578983,-12.367504175173927,17,11049,Walking
860,4,2026-08-30 12:05:17.960 +0200,12,0,0.2651222802453737,0.40771673997266755,-20.185782989272024,-18.34222144458867,17,11062,Walking
861,4,2026-08-30 12:05:18.960 +0200,13,0,0.5840965361991383,0.9405001029932715,-23.826044814909917,-13.153806960833208,17,11074,Trotting
862,4,2026-08-30 12:05:19.960 +0200,12,0,0.41460170663550255,0.5862723941633315,-20.175389495605796,11.742941037061115,17,11087,Walking
863,4,2026-08-30 12:05:20.960 +0200,13,0,0.4363161811008535,0.9779323323410044,-16.384049936642672,25.770667328481565,17,11099,Walking
864,4,2026-08-30 12:05:21.960 +0200,12,0,0.3926866684266855,0.5394177145195153,-16.9429054860375,11.699032182884837,17,11112,Walking
865,4,2026-08-30 12:05:22.960 +0200,13,0,0.30410442812394867,0.44467621076546315,-8.349291767499459,0.7118247048024392,17,11124,Walking
866,4,2026-08-30 12:05:23.960 +0200,12,0,0.29961684068869965,0.7157544801507199,-4.221188418607773,-7.2394343632946,17,11137,Walking
867,4,2026-08-30 12:05:24.960 +0200,13,0,0.2501408329365392,0.504541370813689,-8.013159437760404,-21.47330520331474,17,11149,Walking
868,4,2026-08-30 12:05:25.960 +0200,12,0,0.2277229930184124,0.4118878682663171,-11.806767630836722,-26.756414722363388,17,11162,Walking
869,4,2026-08-30 12:05:26.960 +0200,13,0,0.3174833133095124,0.5473250936453474,-15.856786452788883,-29.944910293743224,17,11174,Walking
870,4,2026-08-30 12:05:27.960 +0200,14,0,0.3731820995454372,0.7216199213824229,-5.15324211166522,-68.3705219292912,17,11187,Lying chest
871,4,2026-08-30 12:05:28.960 +0200,12,0,0.18802691375180783,0.2819279299181317,-11.383603836981427,-67.6505038112078,17,11201,Lying chest
872,4,2026-08-30 12:05:29.960 +0200,13,0,0.22009414672756783,0.3461017252603784,-7.426004125818764,-73.38865087013357,17,11213,Lying chest
873,4,2026-08-30 12:05:30.960 +0200,12,0,0.19892001122674574,0.5275949505010132,-0.5880799042636587,-82.99852064785794,17,11226,Lying chest
874,4,2026-08-30 12:05:31.960 +0200,13,0,0.13446418159422985,0.28561738690637195,-1.8615351206125463,-87.02959712315757,17,11238,Lying chest
875,4,2026-08-30 12:05:32.960 +0200,12,0,0.20840860516231308,0.29440875712287756,-1.701072202790477,-83.44382741778831,17,11251,Lying chest
876,4,2026-08-30 12:05:33.960 +0200,13,0,0.2671183313524723,1.028536308697787,0.6430362742821933,-78.79629416811494,17,11263,Lying chest
877,4,2026-08-30 12:05:34.960 +0200,12,0,0.291764725621006,0.9886769247962284,-4.362667854341027,-81.2103936083192,17,11276,Lying chest
878,4,2026-08-30 12:05:35.960 +0200,13,0,0.28866913556227636,0.786631972405233,-12.479416189110763,-77.18508684023371,17,11288,Lying chest
879,4,2026-08-30 12:05:36.960 +0200,12,0,0.34742358080948127,1.216201069613088,-15.064169641329444,-74.77269576367729,17,11301,Lying chest
880,4,2026-08-30 12:05:37.960 +0200,13,0,0.7064533035263645,1.0447161763620427,-9.565538280294778,-62.20263574422266,17,11313,Walking
881,4,2026-08-30 12:05:38.960 +0200,12,0,0.19277523728057613,0.4270515160439793,-1.6156445513496775,-30.735811827602188,17,11326,Lying chest
882,4,2026-08-30 12:05:39.960 +0200,13,0,0.24662461528093044,0.5353043636320541,-0.10876527635855508,-23.551786673803957,17,11338,Walking
883,4,2026-08-30 12:05:40.960 +0200,12,0,0.14563369265368342,0.3452064428966439,1.7754161246507838,-27.024095778289496,17,11351,Lying chest
884,4,2026-08-30 12:05:41.960 +0200,13,0,0.29484142720870365,0.9101903874490898,-1.59546092745358,-32.12749966969971,17,11363,Walking
885,4,2026-08-30 12:05:42.960 +0200,12,0,0.24019400185976772,0.3886011548903223,-8.674823264905296,-34.20519824428366,17,11376,Lying chest
886,4,2026-08-30 12:05:43.960 +0200,13,0,0.16243004116465623,0.3292374361272554,-14.638039769466552,-37.11569108473999,17,11388,Lying chest
887,4,2026-08-30 12:05:44.960 +0200,12,0,0.16519600067572696,0.2902923049718976,-17.008115454399036,-38.38366571313606,17,11401,Lying chest
888,4,2026-08-30 12:05:45.960 +0200,13,0,0.3353413503806853,0.8020562711997156,-14.21450722467478,-33.18831623121237,17,11413,Walking
889,4,2026-08-30 12:05:46.960 +0200,12,0,0.34846428491015585,0.5693866708650176,-13.971560577689848,-19.14943591336225,17,11426,Walking
890,4,2026-08-30 12:05:47.960 +0200,13,0,0.3088084415530469,0.4697375722756715,-14.893536088134264,-13.460422438219657,17,11438,Walking
891,4,2026-08-30 12:05:48.960 +0200,12,0,0.2918467806409164,0.4780310293614702,-10.793994431846558,-25.260270751215117,17,11451,Walking
892,4,2026-08-30 12:05:49.960 +0200,13,0,0.4298464158993274,0.761890215451876,-2.5936881284359603,-38.78120373545031,17,11463,Walking
893,4,2026-08-30 12:05:50.960 +0200,12,0,0.5973699550476158,0.7828476977630051,-9.127667207128129,-60.17364809245438,17,11476,Walking
894,4,2026-08-30 12:05:51.960 +0200,13,0,0.2642463043094404,0.5077512572933616,-19.15942744368028,-69.46541569015798,17,11488,Lying chest
895,4,2026-08-30 12:05:52.960 +0200,12,0,0.20692683628157096,0.30667501579888534,-18.526067320835462,-67.48337232321678,17,11501,Lying chest
896,4,2026-08-30 12:05:53.960 +0200,13,0,0.47680940325353194,1.228187438358016,-15.822891532422425,-72.37351114989116,17,11513,Walking
897,4,2026-08-30 12:05:54.960 +0200,11,0,0.141720072063784,0.5769814089428061,6.407477262717467,-72.65939545941772,18,11541,Lying chest
899,4,2026-08-30 12:05:55.960 +0200,13,0,0.2561397394801554,0.3453534020491713,2.123043776702359,-65.20897724713032,18,11552,Lying chest
900,4,2026-08-30 12:05:56.960 +0200,12,0,0.4140255042483407,0.5887202702242501,-1.0606077323352436,-57.26980964202545,18,11565,Lying chest
901,4,2026-08-30 12:05:57.960 +0200,13,0,0.29947273516098777,0.7508149157864475,-2.9512013683013416,-65.67293314986844,18,11577,Lying chest
902,4,2026-08-30 12:05:58.960 +0200,12,0,0.20340728001599326,0.3990459361331745,-3.2496941394481857,-80.63058101392483,18,11590,Lying chest
903,4,2026-08-30 12:05:59.960 +0200,13,0,0.21074642190788345,0.4347783528373099,-6.448782392661126,-79.71734544342536,18,11602,Lying chest
904,4,2026-08-30 12:06:00.960 +0200,12,0,0.17193016913546258,0.30127752827273646,-8.14710985304797,-74.56550805944521,18,11615,Lying chest
905,4,2026-08-30 12:06:01.960 +0200,13,0,0.20518554635841718,0.3870101763116756,-13.678986550112358,-68.9968496368063,18,11627,Lying chest
906,4,2026-08-30 12:06:02.960 +0200,12,0,0.27180739401130205,0.3702963475112896,-15.911321624675159,-70.90304724844587,18,11640,Lying chest
907,4,2026-08-30 12:06:03.960 +0200,13,0,0.17302529867785488,0.2673040147120956,-8.223171326838274,-80.49990526109205,18,11652,Lying chest
908,4,2026-08-30 12:06:04.960 +0200,12,0,0.1660692310149858,0.25808065657007123,-8.089091910761018,-81.12289558936651,18,11665,Lying chest
909,4,2026-08-30 12:06:05.960 +0200,13,0,0.1835195468041755,0.3803697896795481,-12.53765946304682,-77.26093922527406,18,11677,Lying chest
910,4,2026-08-30 12:06:06.960 +0200,12,0,0.14344861498930786,0.3202933216959527,-13.170170043318015,-75.68341341562031,18,11690,Lying chest
911,4,2026-08-30 12:06:07.960 +0200,13,0,0.20677369727138994,0.32993040452753547,-10.622986474697115,-78.85510789000026,18,11702,Lying chest
912,4,2026-08-30 12:06:08.960 +0200,12,0,0.32157653763819144,0.578845316121504,-5.1391258550374745,-78.60241739520536,18,11715,Lying chest
913,4,2026-08-30 12:06:09.960 +0200,13,0,0.3429182282205815,2.202755783547972,-0.3816906445502201,-75.36212720074076,18,11727,Walking
914,4,2026-08-30 12:06:10.960 +0200,12,0,0.2436401892909458,0.9851123199348686,-7.806054092892558,-76.18254532856018,18,11740,Lying chest
915,4,2026-08-30 12:06:11.960 +0200,13,0,0.18979843597762633,0.325178564021828,-12.559496697556632,-74.7287512419343,18,11752,Lying chest
916,4,2026-08-30 12:06:12.960 +0200,12,0,0.24553833489107738,0.6794744114229613,-8.2448706619961,-73.06777759338007,18,11765,Lying chest
917,4,2026-08-30 12:06:13.960 +0200,13,0,0.15831122915364698,0.3321998047725327,-8.184129733586364,-63.59594332774794,18,11777,Lying chest
918,4,2026-08-30 12:06:14.960 +0200,12,0,0.18789920347168035,0.4017413553104261,-9.405291674611009,-61.85156547204968,18,11790,Lying chest
919,4,2026-08-30 12:06:15.960 +0200,13,0,0.5846868292342419,1.0478560484321753,-4.8410811604902335,-55.628751681385516,18,11802,Walking
920,4,2026-08-30 12:06:16.960 +0200,12,0,0.4545976992258803,0.7120316085496425,6.9117727675285465,-32.817688364384814,18,11815,Walking
921,4,2026-08-30 12:06:17.960 +0200,13,0,0.3855713634559974,0.8254813556333238,21.599022635848108,-17.964964189667686,18,11827,Walking
922,4,2026-08-30 12:06:18.960 +0200,12,0,0.3245607028540964,0.4444081656504098,25.066810932590414,-6.042522747492039,18,11840,Walking
923,4,2026-08-30 12:06:20.960 +0200,11,0,0.1487213670380616,0.25935933041509146,-16.34863763616029,-73.22475068364889,18,11880,Lying chest
924,4,2026-08-30 12:06:21.960 +0200,13,0,0.38323484867857704,0.7080714807504348,-22.351486160576833,-67.265047141226,18,11891,Lying chest
925,4,2026-08-30 12:06:22.960 +0200,12,0,0.40889064486820964,0.6357776499993418,-31.87308950746922,-55.64054811353606,18,11904,Walking
926,4,2026-08-30 12:06:23.960 +0200,13,0,0.6507980471538305,0.9592458634460076,-32.28697178222854,-46.71268007378289,18,11916,Walking
927,4,2026-08-30 12:06:24.960 +0200,12,0,0.4649867102941368,0.7659581772321757,-19.57064337082294,-33.50575174194342,18,11929,Walking
928,4,2026-08-30 12:06:25.960 +0200,13,0,0.32958179030275264,0.7559632738094904,-12.557157665313845,-11.563681722236383,18,11941,Walking
929,4,2026-08-30 12:06:26.960 +0200,12,0,0.29884760308013664,0.5391655054944647,-18.0370557364266,0.25046532354034157,18,11954,Walking
930,4,2026-08-30 12:06:27.960 +0200,13,0,0.29404240655168007,0.4004468146071842,-11.293213371484455,8.793701893373965,18,11966,Walking
931,4,2026-08-30 12:06:28.960 +0200,12,0,0.29622008032750613,0.43968872428024103,-0.6350288409468319,4.990395026479493,18,11979,Walking
932,4,2026-08-30 12:06:29.960 +0200,13,0,0.1336071213292874,0.27289979221990274,-2.7340270922705767,-6.212453084905419,18,11991,Walking
933,4,2026-08-30 12:06:30.960 +0200,12,0,0.12080635326394919,0.17363546795525506,-3.72203309692329,-10.650230866162376,18,12004,Standing
934,4,2026-08-30 12:06:31.960 +0200,13,0,0.12935156335973674,0.18300841627153686,-3.4201029980179323,-15.552676286283786,18,12016,Lying chest
935,4,2026-08-30 12:06:32.960 +0200,12,0,0.12301653726021346,0.22623656833675415,-6.306477812080721,-20.255330087009927,18,12029,Lying chest
936,4,2026-08-30 12:06:33.960 +0200,13,0,0.057430595142714085,0.08885302541043841,-9.086253663176938,-20.819024509590125,18,12041,Lying chest
937,4,2026-08-30 12:06:34.960 +0200,12,0,0.09291365131444547,0.15201789475811942,-9.551919837861062,-18.83614042864406,18,12054,Lying chest
938,4,2026-08-30 12:06:35.960 +0200,13,0,0.13764287662997624,0.22181193188777001,-10.115935105539931,-13.282576663438302,18,12066,Standing
939,4,2026-08-30 12:06:36.960 +0200,12,0,0.1504645002225277,0.29074303008406793,-8.830411050651296,-9.636495001926251,18,12079,Walking
940,4,2026-08-30 12:06:37.960 +0200,13,0,0.10269290395957077,0.16632784576894274,-5.213561190935466,-13.6491653387707,18,12091,Standing
941,4,2026-08-30 12:06:38.960 +0200,12,0,0.0724443205011721,0.13086050332565094,-4.781095305345479,-17.5254552195337,18,12104,Lying chest
942,4,2026-08-30 12:06:39.960 +0200,13,0,0.0988448811850467,0.19415284448004225,-7.214948206606208,-16.152124706496032,18,12116,Lying chest
943,4,2026-08-30 12:06:40.960 +0200,12,0,0.11703266883777881,0.2224128169261008,-8.531622099408587,-15.748991570394677,18,12129,Standing
944,4,2026-08-30 12:06:41.960 +0200,13,0,0.10325132352518361,0.16712843477290304,-9.485130773356238,-16.04425160770858,18,12141,Standing
945,4,2026-08-30 12:06:42.960 +0200,12,0,0.23843460033592556,0.4911730419671133,-10.48764168899018,-14.906312759554472,18,12154,Walking
946,4,2026-08-30 12:06:43.960 +0200,13,0,0.2989488404039972,0.6446999811692292,-15.989249800900067,-8.619249601179687,18,12166,Walking
947,4,2026-08-30 12:06:44.960 +0200,12,0,0.5068641798053719,1.2278490257315862,-13.85342645423728,-3.3956140581232233,18,12179,Trotting
948,4,2026-08-30 12:06:45.960 +0200,13,0,0.9213182877479791,1.617790826457409,4.181177712561413,-10.130184671052127,18,12191,Trotting
1015,4,2026-08-30 12:07:51.960 +0200,13,0,0.018663584639552148,0.028338979738132188,-46.387451680131775,13.484929401587197,20,13058,Standing
949,4,2026-08-30 12:06:46.960 +0200,11,0,0.66889193058529,1.4502585668786654,47.22493748436282,-41.181693838383666,19,12219,Trotting
1003,4,2026-08-30 12:07:39.960 +0200,13,0,0.026194953416440157,0.06435285661664136,10.647128323278853,2.306833656784297,20,12908,Standing
1004,4,2026-08-30 12:07:40.960 +0200,12,0,0.17421883335711807,0.24696480061808682,7.568933763994823,1.8428303933619377,20,12921,Walking
1005,4,2026-08-30 12:07:41.960 +0200,13,0,0.14899258038503316,0.27354408327494145,0.24020717585161216,-0.20721767893260032,20,12933,Walking
1006,4,2026-08-30 12:07:42.960 +0200,12,0,0.2838538011356614,0.6377153215666195,-2.317722746984185,-0.8007831306045016,20,12946,Walking
1007,4,2026-08-30 12:07:43.960 +0200,13,0,0.295408491677155,0.515503973357264,6.806384607935171,0.6248538703990906,20,12958,Walking
1008,4,2026-08-30 12:07:44.960 +0200,12,0,0.43670571403592123,0.622543311106078,10.40647333956098,-4.246577489835207,20,12971,Walking
1009,4,2026-08-30 12:07:45.960 +0200,13,0,0.2549496782887658,0.42466825715315615,-1.2704198573955856,-16.29418101527976,20,12983,Walking
1010,4,2026-08-30 12:07:46.960 +0200,12,0,0.5859816999406795,0.891513378609888,-10.890465972657871,-15.827855010257734,20,12996,Trotting
1011,4,2026-08-30 12:07:47.960 +0200,13,0,0.38594945883178605,0.598018334363633,-27.84223904430216,2.131817375267568,20,13008,Walking
1012,4,2026-08-30 12:07:48.960 +0200,12,0,0.06186707834551599,0.16469609124143542,-44.35722909643588,13.194067942768442,20,13021,Standing
1013,4,2026-08-30 12:07:49.960 +0200,13,0,0.030306948940165404,0.05313351933104931,-46.54798788583936,13.737682662993608,20,13033,Standing
1014,4,2026-08-30 12:07:50.960 +0200,12,0,0.013784320650922903,0.024292998173265416,-46.259899943963596,13.353525382557704,20,13046,Standing
1016,4,2026-08-30 12:07:52.960 +0200,12,0,0.022305477709113838,0.03337873053685831,-46.00533234845924,13.467608218022406,20,13071,Standing
1017,4,2026-08-30 12:07:53.960 +0200,13,0,0.024765264885975073,0.0648368050406553,-45.18675739049398,13.225227126897552,20,13083,Standing
1018,4,2026-08-30 12:07:54.960 +0200,12,0,0.05169336567436881,0.0808681908560808,-44.56930322048708,13.040768711678943,20,13096,Standing
1019,4,2026-08-30 12:07:55.960 +0200,13,0,0.04015322967627212,0.0693470467277595,-44.062398191302464,12.751881714066881,20,13108,Standing
1020,4,2026-08-30 12:07:56.960 +0200,12,0,0.0395937556138843,0.05932251869539285,-43.50410761702469,12.480573873840145,20,13121,Standing
1021,4,2026-08-30 12:07:57.960 +0200,13,0,0.033459588512677545,0.05527648723263006,-42.904534880309825,12.46380643960504,20,13133,Standing
1022,4,2026-08-30 12:07:58.960 +0200,12,0,0.0540892247032314,0.1617786802839745,-42.74581558190005,12.178063237276987,20,13146,Standing
1023,4,2026-08-30 12:07:59.960 +0200,13,0,0.21847094823042773,0.5584582140623882,-43.216778550681575,8.820954745372857,20,13158,Walking
1024,4,2026-08-30 12:08:00.960 +0200,12,0,0.22410119111522622,0.3495548233861693,-42.73203411814193,-0.5081338534857033,20,13171,Walking
1025,4,2026-08-30 12:08:01.960 +0200,13,0,0.3088824934575553,0.4956580891092553,-43.20266667338187,-10.91391010103405,20,13183,Walking
1026,4,2026-08-30 12:08:02.960 +0200,12,0,0.26372044002056555,0.321688380167372,-44.223083487839794,-5.457620382771682,20,13196,Walking
1027,4,2026-08-30 12:08:03.960 +0200,13,0,0.14767121520773638,0.38200321941866533,-42.73703149053832,7.4089816687150325,20,13208,Walking
1028,4,2026-08-30 12:08:04.960 +0200,14,0,0.04944248855815584,0.13079687305505577,-42.22204778063304,10.306842927918682,20,13221,Standing
973,4,2026-08-30 12:07:09.960 +0200,13,0,0.13517525298050567,0.20320557237535078,0.7765302330464062,-4.683750356941217,19,12505,Standing
974,4,2026-08-30 12:07:10.960 +0200,12,0,0.08946418890611037,0.184987692423551,-5.502831886676648,-3.227060630788094,19,12518,Standing
975,4,2026-08-30 12:07:12.960 +0200,11,0,0.2506139679072517,0.6154646527667119,7.09871757478715,1.5970529544001124,19,12558,Walking
976,4,2026-08-30 12:07:13.960 +0200,13,0,0.2659126400269278,0.4833374913260475,14.234845826745776,11.987209634430602,19,12569,Walking
977,4,2026-08-30 12:07:14.960 +0200,12,0,0.3630395481670377,0.4872029972609041,14.313657381660546,11.675590129623709,19,12582,Walking
978,4,2026-08-30 12:07:15.960 +0200,13,0,0.17100780770754762,0.3073560490205489,2.434304586777676,6.011213341896091,19,12594,Walking
979,4,2026-08-30 12:07:16.960 +0200,12,0,0.17310155840799168,0.3647310416959898,-7.102933947763646,4.829527632286885,19,12607,Walking
980,4,2026-08-30 12:07:17.960 +0200,13,0,0.7056163919176773,0.996444421437524,5.978078910998511,4.08761518551395,19,12619,Trotting
981,4,2026-08-30 12:07:18.960 +0200,12,0,0.42225862737730413,0.7251106954615951,41.07997641788406,-2.753736948028212,19,12632,Walking
982,4,2026-08-30 12:07:19.960 +0200,13,0,0.1393254278297333,0.3061947296248377,59.59738348483866,-7.315463767122395,19,12644,Standing
983,4,2026-08-30 12:07:20.960 +0200,12,0,0.06741752212470194,0.1402738138914569,60.123404379273154,-8.056684253119814,19,12657,Standing
984,4,2026-08-30 12:07:21.960 +0200,13,0,0.13130411720164342,0.23539447354608953,59.610316659403836,-9.208435054745529,19,12669,Standing
985,4,2026-08-30 12:07:22.960 +0200,12,0,0.15552437574707628,0.3634226823378997,57.34599066139355,-7.523807897345176,19,12682,Standing
986,4,2026-08-30 12:07:23.960 +0200,13,0,0.0889616112019964,0.1916006768971235,55.26618836545501,-6.299416248300589,19,12694,Standing
987,4,2026-08-30 12:07:24.960 +0200,12,0,0.07131760826966882,0.1165585528976137,52.70910384063063,-7.160881612021949,19,12707,Standing
988,4,2026-08-30 12:07:25.960 +0200,13,0,0.23690110033223677,0.6040009773053858,50.23190256953388,-6.008576870541699,19,12719,Walking
989,4,2026-08-30 12:07:26.960 +0200,12,0,0.11882292575744674,0.1891651198524162,45.40531106619389,-2.404734882971445,19,12732,Standing
990,4,2026-08-30 12:07:27.960 +0200,13,0,0.28955861722460396,0.6174300503397682,36.746574843879145,0.1948376153839702,19,12744,Walking
991,4,2026-08-30 12:07:28.960 +0200,12,0,0.37994557249383365,0.5595743759993028,18.12989244244991,1.4521033793958151,19,12757,Walking
992,4,2026-08-30 12:07:29.960 +0200,13,0,0.0731869182403682,0.1191067367635844,2.592985118541302,3.498922983993879,19,12769,Standing
993,4,2026-08-30 12:07:30.960 +0200,12,0,0.0550595711302192,0.08888533937963557,3.087452047733049,4.139639519982807,19,12782,Standing
994,4,2026-08-30 12:07:31.960 +0200,13,0,0.03880264804952698,0.08864925953167987,6.015050630235537,3.5707876242960808,19,12794,Standing
995,4,2026-08-30 12:07:32.960 +0200,12,0,0.028790872228582693,0.07286653110244905,6.149564659914627,3.8326931432364986,19,12807,Standing
996,4,2026-08-30 12:07:33.960 +0200,13,0,0.021141312217707917,0.03284099467849259,6.058385407846755,4.383588473775999,19,12819,Standing
997,4,2026-08-30 12:07:34.960 +0200,12,0,0.025225873603783058,0.05306159285813474,6.738557985654206,4.346982659876364,19,12832,Standing
998,4,2026-08-30 12:07:35.960 +0200,13,0,0.03564792951385598,0.06543386909445606,7.840859427036861,3.91140985212969,19,12844,Standing
999,4,2026-08-30 12:07:36.960 +0200,12,0,0.0325397763655474,0.06385211059678594,8.690804879663984,3.286079207675204,19,12857,Standing
1000,4,2026-08-30 12:07:37.960 +0200,13,0,0.025719039194143763,0.04789523726340334,9.290737716374032,2.679996069696354,19,12869,Standing
1218,4,2026-08-30 12:11:13.960 +0200,13,0,0.37925712961647007,0.6451753935464707,-2.8274476883700266,27.571127752971844,24,15670,Walking
1001,4,2026-08-30 12:07:38.960 +0200,11,0,0.021286185234304564,0.03533224140652619,11.126355460728796,2.328365505362509,20,12897,Standing
1214,4,2026-08-30 12:11:09.960 +0200,13,0,0.4245293686699838,0.7202280822482294,-1.3867038764980877,33.12762531699734,24,15620,Walking
1215,4,2026-08-30 12:11:10.960 +0200,12,0,0.5385914622355913,0.9294210064960916,-3.439048427534894,31.89416129163258,24,15633,Trotting
1216,4,2026-08-30 12:11:11.960 +0200,13,0,0.5950606999317385,1.0302442495425796,-1.482274086680103,31.177102140818796,24,15645,Trotting
1217,4,2026-08-30 12:11:12.960 +0200,12,0,0.2913517171382172,0.6689835586017197,1.911346943819024,28.77308420632301,24,15658,Walking
1219,4,2026-08-30 12:11:14.960 +0200,12,0,0.4879840251581414,0.9852036820442581,-3.401617716904944,29.23207493360877,24,15683,Walking
1220,4,2026-08-30 12:11:15.960 +0200,13,0,0.5890313275156487,0.9736219370028925,0.38013439581453967,28.03629220223007,24,15695,Trotting
1221,4,2026-08-30 12:11:16.960 +0200,12,0,0.31986974104151217,0.5672612222517202,3.1986262756294095,27.144516786325834,24,15708,Walking
1222,4,2026-08-30 12:11:17.960 +0200,13,0,0.39177044142011586,0.7106601876980558,-0.7892779028123524,30.180657539147965,24,15720,Walking
1223,4,2026-08-30 12:11:18.960 +0200,12,0,0.6401803059103436,1.5239760105370694,-3.01030551429257,28.23484962479591,24,15733,Trotting
1224,4,2026-08-30 12:11:19.960 +0200,13,0,0.39024198733876586,0.7114294207959623,3.3527695993778077,25.595988650556386,24,15745,Walking
1225,4,2026-08-30 12:11:20.960 +0200,12,0,0.36551609274864333,0.7111103651217515,5.826694334815955,27.878167657482567,24,15758,Walking
1226,4,2026-08-30 12:11:21.960 +0200,13,0,0.5796167489454401,1.3395107549560963,0.22528516082403469,29.770607299275692,24,15770,Trotting
1227,4,2026-08-30 12:11:22.960 +0200,12,0,0.7617435063510225,1.16329634058831,-0.8717127903134815,24.609616296414654,24,15783,Trotting
1228,4,2026-08-30 12:11:23.960 +0200,13,0,0.6315753024737122,1.0480846105173833,5.5822354345855185,17.734775738905622,24,15795,Trotting
1229,4,2026-08-30 12:11:24.960 +0200,12,0,0.33895503989449177,0.9216068647409408,12.656114169760817,11.93467811024518,24,15808,Walking
1230,4,2026-08-30 12:11:25.960 +0200,13,0,3.2645561124367024,5.84989039127051,31.282935173361565,1.5752580411113373,24,15820,Trotting
1231,4,2026-08-30 12:11:26.960 +0200,12,0,2.4522827265242624,5.977746078450838,32.475117674208924,-3.168253173725,24,15833,Trotting
1232,4,2026-08-30 12:11:27.960 +0200,13,0,1.367850356844971,2.326296484921928,28.148679134694003,16.75920077905769,24,15845,Trotting
1233,4,2026-08-30 12:11:28.960 +0200,12,0,0.6792615176013999,1.0730589830779853,3.9822228444181955,17.925787504730597,24,15858,Trotting
1234,4,2026-08-30 12:11:29.960 +0200,13,0,0.5683498462652833,0.8549158590586694,9.875071050471673,9.891930627520308,24,15870,Trotting
1235,4,2026-08-30 12:11:30.960 +0200,12,0,0.6483950603871954,1.2099782581188772,16.56108338720798,6.221512693825254,24,15883,Trotting
1029,4,2026-08-30 12:08:05.960 +0200,12,0,0.060712611819151635,0.09630695394886421,-43.793001671037224,10.928800699225187,20,13235,Standing
1030,4,2026-08-30 12:08:06.960 +0200,13,0,0.05913079246180512,0.14496109917481848,-45.97050449924555,11.875298798078031,20,13247,Standing
1031,4,2026-08-30 12:08:07.960 +0200,12,0,0.05102839188963367,0.10695739102267378,-47.109614004975505,12.463025249046447,20,13260,Standing
1032,4,2026-08-30 12:08:08.960 +0200,13,0,0.04362623459879867,0.063848863498667,-47.125173973346016,12.474932645233443,20,13272,Standing
1033,4,2026-08-30 12:08:09.960 +0200,12,0,0.05295908087159481,0.10804543870038823,-47.305299300281156,11.827930366368733,20,13285,Standing
1034,4,2026-08-30 12:08:10.960 +0200,13,0,0.056609533306393615,0.1990339233511184,-48.34628201022043,10.026661028490075,20,13297,Standing
1035,4,2026-08-30 12:08:11.960 +0200,12,0,0.07079488352830778,0.13974055509434352,-49.12157339947774,9.246622196068143,20,13310,Standing
1036,4,2026-08-30 12:08:12.960 +0200,13,0,0.5594720291937445,0.8646872728690072,-42.247607917637524,11.544166992795162,20,13322,Trotting
1037,4,2026-08-30 12:08:13.960 +0200,12,0,0.2646142318988332,0.5139801773894871,-20.278518735399942,12.309586672506725,20,13335,Walking
1038,4,2026-08-30 12:08:14.960 +0200,13,0,0.2649482434657748,0.758602104746013,-7.110142559303361,9.129603434828915,20,13347,Walking
1039,4,2026-08-30 12:08:15.960 +0200,12,0,0.4011032954425214,0.7015905532665536,-4.214603447069601,9.682248421657347,20,13360,Walking
1040,4,2026-08-30 12:08:16.960 +0200,13,0,0.5863272794562728,1.1162122168239095,4.591810508089405,13.785829148363879,20,13372,Trotting
1041,4,2026-08-30 12:08:17.960 +0200,12,0,0.4705249176164145,0.6310318680429953,9.571916255365592,14.579851686462268,20,13385,Walking
1042,4,2026-08-30 12:08:18.960 +0200,13,0,0.3584326134988614,0.7565943699347684,11.692841298723552,14.30288777057921,20,13397,Walking
1043,4,2026-08-30 12:08:19.960 +0200,12,0,0.25983198604446045,0.33007719842001976,5.6696216611864445,18.48860800267786,20,13410,Walking
1044,4,2026-08-30 12:08:20.960 +0200,13,0,0.1411358301241477,0.24906863067433413,-4.802171386047571,22.961853777093307,20,13422,Lying chest
1045,4,2026-08-30 12:08:21.960 +0200,12,0,0.37930849249532866,0.6408012143503665,-6.825405513837836,23.987086934880594,20,13435,Walking
1046,4,2026-08-30 12:08:22.960 +0200,13,0,0.3343452767186179,0.627696588752214,2.707421385471043,15.901363551599054,20,13447,Walking
1047,4,2026-08-30 12:08:23.960 +0200,12,0,0.3624734136405387,1.0494125026206373,8.920086512547885,14.180308777541148,20,13460,Walking
1048,4,2026-08-30 12:08:24.960 +0200,13,0,0.5981385302184101,1.0483112972045432,7.948359277286634,20.994480784631282,20,13472,Trotting
1049,4,2026-08-30 12:08:25.960 +0200,12,0,0.6673066862896976,1.0658125465338026,9.377745212709117,21.92908115803543,20,13485,Trotting
1050,4,2026-08-30 12:08:26.960 +0200,13,0,0.5845999524431134,1.1393877812985398,19.489398450041506,20.083356560174742,20,13497,Trotting
1051,4,2026-08-30 12:08:27.960 +0200,12,0,0.35529892361976856,0.5795565218749312,34.691045312550294,12.37523179275417,20,13510,Walking
1052,4,2026-08-30 12:08:28.960 +0200,13,0,0.6552362875153339,0.9784796602564919,26.47261551090357,12.183195730197536,20,13522,Trotting
1053,4,2026-08-30 12:08:29.960 +0200,12,0,0.5083360433172041,0.9699220517634992,16.62554742578987,15.631359996197885,20,13535,Trotting
1054,4,2026-08-30 12:08:30.960 +0200,13,0,0.553813337613832,1.0076063487857687,33.12258700827527,10.542177895626992,20,13547,Trotting
1055,4,2026-08-30 12:08:31.960 +0200,11,0,0.19106797884917573,0.47237241509291283,37.72864724469943,-14.487179568288264,21,13575,Walking
1057,4,2026-08-30 12:08:32.960 +0200,13,0,0.3352379932872811,0.4064161227221739,21.83839900848345,-9.345434390084602,21,13586,Walking
1058,4,2026-08-30 12:08:33.960 +0200,12,0,0.1298057022709291,0.2878279080237647,7.939953527695178,-2.963135874146893,21,13599,Walking
1059,4,2026-08-30 12:08:34.960 +0200,13,0,0.06143569059843474,0.1039154005108633,2.3158253309488974,0.8282221942303417,21,13611,Standing
1060,4,2026-08-30 12:08:35.960 +0200,12,0,0.24079176551287595,0.7827739791833978,3.2721444577242083,1.6583211222101344,21,13624,Walking
1061,4,2026-08-30 12:08:36.960 +0200,13,0,0.693416112194783,1.3292651602038559,-1.290939841270041,7.13929060555533,21,13636,Trotting
1062,4,2026-08-30 12:08:37.960 +0200,12,0,0.8615653896341148,1.8997242210479959,-1.8956013063787773,13.684653759295644,21,13649,Trotting
1063,4,2026-08-30 12:08:38.960 +0200,13,0,0.7962768280283851,1.3860230120627641,4.474959577412336,16.547838568659042,21,13661,Trotting
1064,4,2026-08-30 12:08:39.960 +0200,12,0,0.6944428869108643,1.3602608243476175,4.01192522494816,19.654877659640423,21,13674,Trotting
1065,4,2026-08-30 12:08:40.960 +0200,13,0,0.568654214378797,0.9271788669154696,4.131311185584453,19.938286498405525,21,13686,Trotting
1066,4,2026-08-30 12:08:41.960 +0200,12,0,0.3266671116616405,0.6038932922078551,8.657014398557925,17.102715724281165,21,13699,Walking
1067,4,2026-08-30 12:08:42.960 +0200,13,0,0.45526127302491237,0.7597890214235076,8.003049538649849,18.039279053205846,21,13711,Walking
1068,4,2026-08-30 12:08:43.960 +0200,12,0,0.48279518202186944,0.7728733867873362,10.819689559129367,20.39869795176068,21,13724,Walking
1069,4,2026-08-30 12:08:44.960 +0200,13,0,0.5206956518904342,0.7925976990998941,29.185978125636982,17.41465752129141,21,13736,Trotting
1070,4,2026-08-30 12:08:45.960 +0200,12,0,0.24802106425422285,0.5848200912031817,50.08462579451801,10.075489916425994,21,13749,Walking
1071,4,2026-08-30 12:08:46.960 +0200,13,0,0.7808786057520892,1.0610178135065016,38.358853836212525,17.987326856305426,21,13761,Trotting
1072,4,2026-08-30 12:08:47.960 +0200,12,0,0.7008821359194538,0.9931240312368711,8.150973279262685,21.93607638348759,21,13774,Trotting
1073,4,2026-08-30 12:08:48.960 +0200,13,0,0.7053860684318229,1.1573501562119166,3.098165223886798,12.996271958423039,21,13786,Trotting
1074,4,2026-08-30 12:08:49.960 +0200,12,0,0.7016615762753083,1.1445097087824945,10.396839892892702,7.971552203288199,21,13799,Trotting
1075,4,2026-08-30 12:08:50.960 +0200,13,0,0.6109630605571228,1.007089750142949,13.37588488838202,6.889661120094264,21,13811,Trotting
1076,4,2026-08-30 12:08:51.960 +0200,12,0,0.6290622469883437,1.2248868780843876,33.768406963462624,6.541332299271172,21,13824,Trotting
1077,4,2026-08-30 12:08:52.960 +0200,13,0,0.3122584946899121,0.6593841109889298,54.65810789338947,-1.8517819080691484,21,13836,Walking
1078,4,2026-08-30 12:08:53.960 +0200,12,0,0.24109550181224534,0.651871429517702,53.36469051127562,-10.287386040317967,21,13849,Walking
1079,4,2026-08-30 12:08:54.960 +0200,13,0,0.41846975720735136,0.7920567592201198,43.29068240756093,-7.922309652175291,21,13861,Walking
1080,4,2026-08-30 12:08:55.960 +0200,12,0,0.5710772179410587,0.9043803044567601,33.21939000360375,-1.9501034683190193,21,13874,Trotting
1081,4,2026-08-30 12:08:57.960 +0200,11,0,0.5206665519964827,1.264362643470629,34.06702883333554,1.3840332176643966,21,13914,Trotting
1082,4,2026-08-30 12:08:58.960 +0200,13,0,0.3125192907655579,0.7759097581845498,32.49978452363279,-3.926166689318828,21,13925,Walking
1083,4,2026-08-30 12:08:59.960 +0200,12,0,0.34616598178397545,0.6289085187029938,32.29108525415872,-5.5028772840889095,21,13938,Walking
1084,4,2026-08-30 12:09:00.960 +0200,13,0,0.3705040858110464,0.6877495297070154,26.06521949906977,-4.215984026823049,21,13950,Walking
1085,4,2026-08-30 12:09:01.960 +0200,12,0,0.24438923103533675,0.4476419174003646,16.934488314937553,-0.9446693230716163,21,13963,Walking
1086,4,2026-08-30 12:09:02.960 +0200,13,0,0.2941625422917125,0.5591485930926806,11.95806938207505,4.580275698041116,21,13975,Walking
1087,4,2026-08-30 12:09:03.960 +0200,12,0,0.7403681179368853,1.783160100358098,3.4835950337453254,9.781401834975169,21,13988,Trotting
1088,4,2026-08-30 12:09:04.960 +0200,13,0,0.7687071486664478,1.1021349130950253,-1.749849447035576,13.300602583654852,21,14000,Trotting
1089,4,2026-08-30 12:09:05.960 +0200,12,0,0.7867303529783456,1.1525832006435406,-1.3477674405782984,17.585367770793788,21,14013,Trotting
1090,4,2026-08-30 12:09:06.960 +0200,13,0,0.7223281325564468,1.0654006974875019,-1.3775085917171346,23.814368298873163,21,14025,Trotting
1091,4,2026-08-30 12:09:07.960 +0200,12,0,0.8008170839799228,1.3963815523379215,2.807521670635533,24.8473707273228,21,14038,Trotting
1092,4,2026-08-30 12:09:08.960 +0200,13,0,0.435475343497606,0.7445477276126501,3.505307214429504,23.568481260395117,21,14050,Walking
1093,4,2026-08-30 12:09:09.960 +0200,12,0,0.39828959231477423,0.743339989975203,-1.5179699867088694,24.02479684775378,21,14063,Walking
1094,4,2026-08-30 12:09:10.960 +0200,13,0,0.7335742754133435,1.1885922458539373,-1.0364198613130158,21.378065761822224,21,14075,Trotting
1095,4,2026-08-30 12:09:11.960 +0200,12,0,0.6388402455667922,1.06357534424867,4.388562157185506,19.428411624057695,21,14088,Trotting
1096,4,2026-08-30 12:09:12.960 +0200,13,0,0.667258007163179,1.4148748915145082,6.36507917786297,18.68805634069343,21,14100,Trotting
1097,4,2026-08-30 12:09:13.960 +0200,12,0,0.6101247953583027,1.2906147350891384,11.433110679950161,16.57948575705073,21,14113,Trotting
1098,4,2026-08-30 12:09:14.960 +0200,13,0,0.5702644756092082,1.2415011711921653,23.162200841916384,14.91689523412028,21,14125,Trotting
1099,4,2026-08-30 12:09:15.960 +0200,12,0,0.3489295224624522,0.6404108717918267,39.87116129989192,11.884429623901314,21,14138,Walking
1100,4,2026-08-30 12:09:16.960 +0200,13,0,0.2079238418743459,0.35355626621047703,50.77268180950201,8.025239613553016,21,14150,Walking
1101,4,2026-08-30 12:09:17.960 +0200,12,0,0.2571476890829835,0.44074129012054614,48.40391507491521,2.1331443318749947,21,14163,Walking
1102,4,2026-08-30 12:09:18.960 +0200,13,0,0.09613842654643653,0.19164221351235763,46.836959493357895,-6.492790637844978,21,14175,Standing
1103,4,2026-08-30 12:09:19.960 +0200,12,0,0.04927329412868014,0.07253782173701996,47.20225128727558,-10.294665817121947,21,14188,Standing
1104,4,2026-08-30 12:09:20.960 +0200,13,0,0.056587745974442334,0.1351465282141036,47.070508112087325,-10.721573080566733,21,14200,Standing
1105,4,2026-08-30 12:09:21.960 +0200,12,0,0.5884496482722364,1.1477858162407713,41.757463116432085,-8.499972771565904,21,14213,Trotting
1106,4,2026-08-30 12:09:22.960 +0200,13,0,0.6105405847068641,1.0526960342021427,18.28308486498294,4.345800813144163,21,14225,Trotting
2008,4,2026-08-30 12:24:20.960 +0200,13,0,0.36813978817072407,0.6557979793746057,18.04036149146699,7.616502777456471,39,25840,Walking
1107,4,2026-08-30 12:09:23.960 +0200,11,0,0.5134219057938246,1.0810507845403723,26.506136274979315,9.867357455450515,22,14253,Trotting
2003,4,2026-08-30 12:24:15.960 +0200,12,0,0.4025965740841451,0.8456355785155205,17.16258158704116,8.121599853162305,39,25778,Walking
2004,4,2026-08-30 12:24:16.960 +0200,13,0,0.3991705959159647,0.6270716446223326,15.803444373241613,5.865193989516057,39,25790,Walking
2005,4,2026-08-30 12:24:17.960 +0200,12,0,0.37033145445327587,0.655980628123735,15.240052928587339,8.040841577384272,39,25803,Walking
2006,4,2026-08-30 12:24:18.960 +0200,13,0,0.37798744989585215,0.7258106576240352,16.234849516393787,7.539001090983617,39,25815,Walking
2007,4,2026-08-30 12:24:19.960 +0200,12,0,0.30767067593771874,0.5299352210871252,16.765883860836052,5.334453969139261,39,25828,Walking
2009,4,2026-08-30 12:24:21.960 +0200,12,0,0.36798109280041275,0.7147165569775319,17.19528297431759,8.524400000697538,39,25853,Walking
2010,4,2026-08-30 12:24:22.960 +0200,13,0,0.36888710094701255,0.6000025167809789,16.102315410357367,8.942474908764856,39,25865,Walking
2011,4,2026-08-30 12:24:23.960 +0200,12,0,0.26554267708878304,0.5605866735279567,15.915178909753308,8.867911981847831,39,25878,Walking
2012,4,2026-08-30 12:24:24.960 +0200,13,0,0.5177206069174002,1.0308023159458677,13.662718147817802,7.820898140252021,39,25890,Trotting
2013,4,2026-08-30 12:24:25.960 +0200,12,0,0.589865159166961,1.2326525732433575,11.360737060693216,5.850843602799178,39,25903,Trotting
2014,4,2026-08-30 12:24:26.960 +0200,13,0,0.5362578809274743,0.9178046460931015,10.787635906714938,5.21394839892119,39,25915,Trotting
2015,4,2026-08-30 12:24:27.960 +0200,12,0,0.5512605459250319,0.7904619351372443,13.190622549535574,6.918678716793802,39,25928,Trotting
2016,4,2026-08-30 12:24:28.960 +0200,13,0,0.5621680014997881,0.8970267715302439,15.498312099919572,8.050084295118829,39,25940,Trotting
2017,4,2026-08-30 12:24:29.960 +0200,12,0,0.5477243886972897,1.0274554898373907,16.90541109543566,4.740392303872144,39,25953,Trotting
2018,4,2026-08-30 12:24:30.960 +0200,13,0,0.3679732270994266,0.6900933101870136,24.787405262317446,1.2711026285979363,39,25965,Walking
2019,4,2026-08-30 12:24:31.960 +0200,12,0,0.21180352559897184,0.35171742564849773,31.881307227417764,2.2593322271859644,39,25978,Walking
2020,4,2026-08-30 12:24:32.960 +0200,13,0,0.1419351559998173,0.21849402557209885,29.693044501694263,2.611212412511901,39,25990,Walking
2021,4,2026-08-30 12:24:33.960 +0200,12,0,0.17577806379567787,0.3001315436057,22.816749857766784,3.0188832147002564,39,26003,Walking
2022,4,2026-08-30 12:24:34.960 +0200,13,0,0.23837374296766625,0.5452501713456449,16.40206634293639,5.095739364662671,39,26015,Walking
2023,4,2026-08-30 12:24:35.960 +0200,12,0,0.475617810884254,0.7214855100646537,28.65075516928624,3.3969534796072254,39,26028,Walking
2024,4,2026-08-30 12:24:36.960 +0200,13,0,0.22414250922396659,0.36838105685843736,49.919093803580125,-3.7840771040106658,39,26040,Walking
1129,4,2026-08-30 12:09:44.960 +0200,13,0,0.49307656190947563,0.8475502411120572,7.28663565648801,20.225872784873847,22,14514,Walking
1130,4,2026-08-30 12:09:45.960 +0200,12,0,0.7724703340759992,1.242584276651207,3.6867108265404447,21.67729639508895,22,14527,Trotting
1131,4,2026-08-30 12:09:46.960 +0200,13,0,0.7331352153103338,1.1109361169218959,4.227272904503682,23.625265449192305,22,14539,Trotting
1132,4,2026-08-30 12:09:47.960 +0200,12,0,0.39910157131959406,0.8083539396998979,11.45755746706177,24.36247685787433,22,14552,Walking
1133,4,2026-08-30 12:09:49.960 +0200,11,0,0.34519424294268236,0.6887990314515539,32.0880854965015,16.54950744968686,22,14592,Walking
1134,4,2026-08-30 12:09:50.960 +0200,13,0,0.365538167695355,1.3568806599751844,27.626351662121543,18.86405405376018,22,14603,Walking
1135,4,2026-08-30 12:09:51.960 +0200,12,0,0.34778260808975753,0.5725406409293451,24.296293839092034,17.392335011335216,22,14616,Walking
1136,4,2026-08-30 12:09:52.960 +0200,13,0,0.4111598125075018,0.7586648549660665,20.322768989228674,18.453957410498887,22,14628,Walking
1137,4,2026-08-30 12:09:53.960 +0200,12,0,0.4385169273826901,0.7690058465897847,20.77335186900176,20.75784736201482,22,14641,Walking
1138,4,2026-08-30 12:09:54.960 +0200,13,0,0.24625176155124226,0.4969878476670063,28.918881481873846,18.692815340411187,22,14653,Walking
1139,4,2026-08-30 12:09:55.960 +0200,12,0,0.44901411167597866,0.7910919036934103,29.009341482884963,14.033974446991754,22,14666,Walking
1140,4,2026-08-30 12:09:56.960 +0200,13,0,0.4644694687806671,0.8545725479651235,21.560829897199703,13.267081899132561,22,14678,Walking
1141,4,2026-08-30 12:09:57.960 +0200,12,0,0.4489854538433067,0.8750177201929046,20.653074654917233,18.618711635486616,22,14691,Walking
1142,4,2026-08-30 12:09:58.960 +0200,13,0,0.3694567114058835,0.715232053760239,22.690827851421105,23.46361531948097,22,14703,Walking
1143,4,2026-08-30 12:09:59.960 +0200,12,0,0.3400990460907649,0.6345717096193009,25.809640474692447,21.24293103721273,22,14716,Walking
1144,4,2026-08-30 12:10:00.960 +0200,13,0,0.38442742616504677,0.6132187038332773,27.36985491468549,17.486959774772934,22,14728,Walking
1145,4,2026-08-30 12:10:01.960 +0200,12,0,0.22321922595163848,0.48238119691168446,29.11802489141641,17.17707959249164,22,14741,Walking
1146,4,2026-08-30 12:10:02.960 +0200,13,0,0.3142885507668574,0.67660112123622,31.453867618130225,17.459104302230955,22,14753,Walking
1147,4,2026-08-30 12:10:03.960 +0200,12,0,0.367445158649265,0.5746938702602074,31.76451663619619,17.058904857361906,22,14766,Walking
1148,4,2026-08-30 12:10:04.960 +0200,13,0,0.7576657036668161,1.3749876457179528,26.217896667237863,17.439387135489106,22,14778,Trotting
1149,4,2026-08-30 12:10:05.960 +0200,12,0,0.5891816579095912,0.9790808523572381,17.27117158278978,25.11470500199309,22,14791,Trotting
1150,4,2026-08-30 12:10:06.960 +0200,13,0,0.6256684689053749,1.3527445666253932,14.715047942137172,29.851417929311644,22,14803,Trotting
1151,4,2026-08-30 12:10:07.960 +0200,12,0,0.7165445183930573,1.4033166871599423,15.8809963842602,24.94519124395219,22,14816,Trotting
1152,4,2026-08-30 12:10:08.960 +0200,13,0,0.5044105619660445,0.829238936511172,24.338558710065243,20.312743459074888,22,14828,Walking
1153,4,2026-08-30 12:10:09.960 +0200,12,0,0.2948222216055682,0.49665758059285064,36.30317232642657,18.071569403251285,22,14841,Walking
1154,4,2026-08-30 12:10:10.960 +0200,13,0,0.5047736384898277,0.8195244902267446,38.21187603034785,18.101908296249203,22,14853,Walking
1155,4,2026-08-30 12:10:11.960 +0200,12,0,0.3341292888216809,0.755955183603729,32.19361334747373,22.772180745964807,22,14866,Walking
1156,4,2026-08-30 12:10:12.960 +0200,13,0,0.44188527279852763,0.6361212006288848,30.503974207307117,25.66357213570291,22,14878,Walking
1157,4,2026-08-30 12:10:13.960 +0200,12,0,0.44098714620298346,0.8939923064548345,37.00939106823504,22.842496098713454,22,14891,Walking
1158,4,2026-08-30 12:10:14.960 +0200,13,0,0.29024622502559816,0.45137213647061397,47.7378191416647,15.511531340594043,22,14903,Walking
1427,4,2026-08-30 12:14:41.960 +0200,13,0,0.624086700971932,0.9910475011622675,12.098255545055641,6.343715553356757,28,18357,Trotting
1159,4,2026-08-30 12:10:15.960 +0200,14,0,0.23443277523772799,0.5914638717736541,51.345444323314744,-2.359565969216526,23,14916,Walking
1424,4,2026-08-30 12:14:38.960 +0200,12,0,0.662789001042064,1.0186393790234722,11.61220495414115,6.324982861805007,28,18320,Trotting
1425,4,2026-08-30 12:14:39.960 +0200,13,0,0.61085686249825,0.9284938154471677,10.878710833267649,7.3608052085630415,28,18332,Trotting
1426,4,2026-08-30 12:14:40.960 +0200,12,0,0.6541134747487748,1.2924216360043403,10.30056862519453,7.901273153017194,28,18345,Trotting
1428,4,2026-08-30 12:14:42.960 +0200,12,0,0.6429347943413614,1.2221563929278971,13.760596585879732,6.312327945491689,28,18370,Trotting
1429,4,2026-08-30 12:14:43.960 +0200,13,0,0.4733056102615123,0.7789977986704973,18.83369441870063,5.664232882996023,28,18382,Walking
1430,4,2026-08-30 12:14:44.960 +0200,12,0,0.5574681648369172,1.1587842503108103,29.721666356614417,5.076348439260518,28,18395,Trotting
1431,4,2026-08-30 12:14:45.960 +0200,13,0,0.35979646048393593,0.5195840849204338,30.96125783836286,4.251526964780573,28,18407,Walking
1432,4,2026-08-30 12:14:46.960 +0200,12,0,0.32207392021342246,0.6838475813963812,24.672514485627506,3.4700636972670815,28,18420,Walking
1433,4,2026-08-30 12:14:47.960 +0200,13,0,0.39745799799927817,0.8952557773297147,21.19017288764048,5.30297534708229,28,18432,Walking
1434,4,2026-08-30 12:14:48.960 +0200,12,0,0.47825534116231605,1.109969768842784,22.540527071112873,6.474183852139462,28,18445,Walking
1435,4,2026-08-30 12:14:49.960 +0200,13,0,0.4497171868358935,0.7973775460812096,23.077859096204747,5.460009080838919,28,18457,Walking
1436,4,2026-08-30 12:14:50.960 +0200,12,0,0.3719286124057474,1.0046649530114438,21.84778436879765,3.160966429463508,28,18470,Walking
1437,4,2026-08-30 12:14:51.960 +0200,13,0,0.41326201770127674,0.9756365654410769,21.936025485791998,3.674117290165154,28,18482,Walking
1438,4,2026-08-30 12:14:52.960 +0200,12,0,0.36332210268187487,0.6623591516228954,19.875260308043284,5.821523073173702,28,18495,Walking
1439,4,2026-08-30 12:14:53.960 +0200,13,0,0.3766959044765337,0.6785885913291791,21.66904675927272,6.477343597957317,28,18507,Walking
1440,4,2026-08-30 12:14:54.960 +0200,12,0,0.3630800383096713,0.6369028131590563,22.750446069852696,5.155955411069667,28,18520,Walking
1441,4,2026-08-30 12:14:55.960 +0200,13,0,0.4607108241447047,0.7227684098917073,20.09682841394618,4.1519770682931405,28,18532,Walking
1442,4,2026-08-30 12:14:56.960 +0200,12,0,0.40363723761359305,0.691303873670307,17.341802232975972,2.84631527970349,28,18545,Walking
1443,4,2026-08-30 12:14:57.960 +0200,13,0,0.3790802688462558,0.8660415531418681,16.120644995811837,3.2250064649167367,28,18557,Walking
1444,4,2026-08-30 12:14:58.960 +0200,12,0,0.4099025922305213,1.3554330288800132,21.252374340476774,4.856213665257408,28,18570,Walking
1445,4,2026-08-30 12:14:59.960 +0200,13,0,0.25791041481843613,0.6482846903347653,31.045045498743015,4.0919705646566324,28,18582,Walking
1161,4,2026-08-30 12:10:16.960 +0200,12,0,0.2564783501856422,0.41460070207800004,44.75097691811209,-3.1351675066951508,23,14930,Walking
1162,4,2026-08-30 12:10:17.960 +0200,13,0,0.12890723588517655,0.23117705137923264,35.606059265920905,-1.5447110096008176,23,14942,Standing
1163,4,2026-08-30 12:10:18.960 +0200,12,0,0.05757832621702929,0.09668836470687639,29.344752576685064,0.5982679963050818,23,14955,Standing
1164,4,2026-08-30 12:10:19.960 +0200,13,0,0.29054469340105515,0.886135065161213,25.249776224119785,2.713717282221604,23,14967,Walking
1165,4,2026-08-30 12:10:20.960 +0200,12,0,0.3692878843240425,0.5771615553860993,14.802639257669156,9.988719816239724,23,14980,Walking
1166,4,2026-08-30 12:10:21.960 +0200,13,0,0.45160050020679476,0.8444593024224207,8.621576825735612,17.685072396940953,23,14992,Walking
1167,4,2026-08-30 12:10:22.960 +0200,12,0,0.547743935342426,0.9364766099664689,11.433245100430243,17.917716134184946,23,15005,Trotting
1168,4,2026-08-30 12:10:23.960 +0200,13,0,0.3896308016454793,0.893463591254357,9.690386534424698,18.51226966886463,23,15017,Walking
1169,4,2026-08-30 12:10:24.960 +0200,12,0,0.30570201879839215,0.4976014241151041,7.564448393436831,23.081811657298548,23,15030,Walking
1170,4,2026-08-30 12:10:25.960 +0200,13,0,0.4511115228333179,0.6270340336296526,12.41037164610419,24.241795629324223,23,15042,Walking
1171,4,2026-08-30 12:10:26.960 +0200,12,0,0.4192372308327934,0.9044102030521686,17.375705527533764,22.109611130742877,23,15055,Walking
1172,4,2026-08-30 12:10:27.960 +0200,13,0,0.3609474386955552,0.5917236614199745,19.35645935585493,20.52779603499221,23,15067,Walking
1173,4,2026-08-30 12:10:28.960 +0200,12,0,0.43263632625318277,0.7346950344346765,23.942916071696857,18.252051352705937,23,15080,Walking
1174,4,2026-08-30 12:10:29.960 +0200,13,0,0.45850959356776505,0.6917145080815483,36.22895459086948,17.011035512039218,23,15092,Walking
1175,4,2026-08-30 12:10:30.960 +0200,12,0,0.4163623743532656,0.8214871799568035,33.503275197293725,20.492486535219204,23,15105,Walking
1176,4,2026-08-30 12:10:31.960 +0200,13,0,0.36990123786787665,0.7453257866880716,16.985515834835404,20.854620763109526,23,15117,Walking
1177,4,2026-08-30 12:10:32.960 +0200,12,0,0.43109335937154974,0.7495560998795271,14.144324038289108,19.59440112508862,23,15130,Walking
1178,4,2026-08-30 12:10:33.960 +0200,13,0,0.45025731281899195,0.719783181038802,17.990908578801164,16.870525813056815,23,15142,Walking
1179,4,2026-08-30 12:10:34.960 +0200,12,0,0.5289364601797523,0.9091726727175093,19.170965374644812,15.56839181251617,23,15155,Trotting
1180,4,2026-08-30 12:10:35.960 +0200,13,0,0.46517066399149165,0.9505970403031876,24.781722596712566,18.064290217963325,23,15167,Walking
1181,4,2026-08-30 12:10:36.960 +0200,12,0,0.35521528221158083,0.6059662921157886,29.94532022312491,15.652703129040253,23,15180,Walking
1182,4,2026-08-30 12:10:37.960 +0200,13,0,0.42975249220851264,1.0150935146163698,22.435494409205912,15.428560927417749,23,15192,Walking
1183,4,2026-08-30 12:10:38.960 +0200,12,0,0.3802063617124511,0.6334375194969231,14.653466186643625,18.612618525225795,23,15205,Walking
1184,4,2026-08-30 12:10:39.960 +0200,13,0,0.46669787549470676,0.7668005096302767,17.73403552931031,18.452551027730756,23,15217,Walking
1185,4,2026-08-30 12:10:40.960 +0200,12,0,0.46275653475393147,0.7786674258722263,20.06092401048337,19.25626221208925,23,15230,Walking
1186,4,2026-08-30 12:10:42.960 +0200,11,0,0.9451563934588271,2.623605784484854,-7.573532661963127,34.512116629332866,23,15270,Trotting
1187,4,2026-08-30 12:10:43.960 +0200,13,0,0.7761146424072365,1.568694899993257,-5.2822526303699915,35.600780448067724,23,15281,Trotting
1188,4,2026-08-30 12:10:44.960 +0200,12,0,0.7738510003626994,1.0891297264859061,10.403086656384447,29.505845939809575,23,15294,Trotting
1189,4,2026-08-30 12:10:45.960 +0200,13,0,0.4307727881219826,0.8618138894953735,39.74153462165908,15.356109548958397,23,15306,Walking
1190,4,2026-08-30 12:10:46.960 +0200,12,0,0.43028104192184635,0.7796491331701989,46.71164699432726,6.126545830983979,23,15319,Walking
1191,4,2026-08-30 12:10:47.960 +0200,13,0,0.14105786186556613,0.19674627691718574,34.77682035886301,0.7338522167901408,23,15331,Standing
1192,4,2026-08-30 12:10:48.960 +0200,12,0,0.08961771305041133,0.16342101544603574,27.904500251386818,0.6309475666961987,23,15344,Standing
1193,4,2026-08-30 12:10:49.960 +0200,13,0,0.4183495872430875,0.9680416896084865,21.218069658334425,7.74288727026901,23,15356,Walking
1194,4,2026-08-30 12:10:50.960 +0200,12,0,0.5129418799895817,0.9360123015302477,12.798121090232705,19.146559455200162,23,15369,Trotting
1195,4,2026-08-30 12:10:51.960 +0200,13,0,0.5184729290826948,0.9185422378789749,9.967744346991463,24.487201989882983,23,15381,Trotting
1196,4,2026-08-30 12:10:52.960 +0200,12,0,0.38808294692468653,0.7726434194735726,18.894072035880047,20.293878364790135,23,15394,Walking
1197,4,2026-08-30 12:10:53.960 +0200,13,0,0.3253260517484096,0.5310394352037556,18.972201762255434,19.017659995748186,23,15406,Walking
1198,4,2026-08-30 12:10:54.960 +0200,12,0,0.38483214859934267,0.5135791557148706,11.568581176615119,21.004513804903095,23,15419,Walking
1199,4,2026-08-30 12:10:55.960 +0200,13,0,0.45003413233133166,0.8408378410612346,18.085772407996057,20.936271292063786,23,15431,Walking
1200,4,2026-08-30 12:10:56.960 +0200,12,0,0.3809170806102475,0.6472499885581182,29.560828685202537,18.476934158111938,23,15444,Walking
1201,4,2026-08-30 12:10:57.960 +0200,13,0,0.4097608553141281,0.8519846262960749,24.810869639599293,19.42664072383569,23,15456,Walking
1202,4,2026-08-30 12:10:58.960 +0200,12,0,0.3660693734471543,0.5246082581645244,15.20709155899042,21.569816724699034,23,15469,Walking
1203,4,2026-08-30 12:10:59.960 +0200,13,0,0.3712176002720452,0.6067727489544886,17.449560987905635,20.82604562881329,23,15481,Walking
1204,4,2026-08-30 12:11:00.960 +0200,12,0,0.3458300753639005,0.6586600947692496,21.294117563589932,18.320626653852486,23,15494,Walking
1205,4,2026-08-30 12:11:01.960 +0200,13,0,0.41574026607632913,1.0106544687554961,16.471327656813553,17.734775385561786,23,15506,Walking
1206,4,2026-08-30 12:11:02.960 +0200,12,0,0.6096055047334908,0.9629029301659897,26.33522187358238,19.0557759413076,23,15519,Trotting
1207,4,2026-08-30 12:11:03.960 +0200,13,0,0.2972671473825898,0.57843590532657,50.52462486798159,13.59302557531427,23,15531,Walking
1208,4,2026-08-30 12:11:04.960 +0200,12,0,0.6025102337012889,1.040699590638752,51.62934219398605,15.454904991016804,23,15544,Trotting
1209,4,2026-08-30 12:11:05.960 +0200,13,0,0.3554352095247043,0.6479881960910776,28.483725978937557,24.397521232051194,23,15556,Walking
1210,4,2026-08-30 12:11:06.960 +0200,12,0,0.5272128018061913,1.0652684955678824,8.314527848727321,27.870816567906015,23,15569,Trotting
1211,4,2026-08-30 12:11:07.960 +0200,13,0,0.5401655251750388,0.9640602654380188,-3.4186001759471156,29.763348463105196,23,15581,Trotting
1497,4,2026-08-30 12:15:51.960 +0200,13,0,0.33682685644995647,0.5045634450177118,20.148371785325786,13.121333672875238,29,19260,Walking
1212,4,2026-08-30 12:11:08.960 +0200,11,0,0.3188650295405344,0.5035287706546396,-3.607414986539924,31.451127789666188,24,15609,Walking
1477,4,2026-08-30 12:15:31.960 +0200,13,0,0.7239089099842921,1.6003033246702563,26.38608455492292,8.163771251353177,29,19010,Trotting
1478,4,2026-08-30 12:15:32.960 +0200,12,0,0.5102678749484523,1.0243419576486248,25.988046539633363,6.296733784017888,29,19023,Trotting
1479,4,2026-08-30 12:15:33.960 +0200,13,0,0.38646426879606,0.6199118733455571,28.956365060479676,4.735026482130197,29,19035,Walking
1480,4,2026-08-30 12:15:34.960 +0200,12,0,0.30477959737638965,0.48553263339380637,29.242509001491786,7.692276681191923,29,19048,Walking
1481,4,2026-08-30 12:15:35.960 +0200,13,0,0.39311629055736846,0.5221079897658829,35.88080592318317,6.065668023200094,29,19060,Walking
1482,4,2026-08-30 12:15:36.960 +0200,12,0,0.5097733263396974,0.9701785212974137,39.277770048339896,-0.6029974127077303,29,19073,Trotting
1483,4,2026-08-30 12:15:37.960 +0200,13,0,0.6227388369166488,1.063771091402255,25.504062693485544,-0.8412837566894704,29,19085,Trotting
1484,4,2026-08-30 12:15:38.960 +0200,12,0,0.7422665769995742,1.0681228407095238,20.587009229948986,4.757381834118328,29,19098,Trotting
1485,4,2026-08-30 12:15:39.960 +0200,13,0,0.7387853028965009,1.2224724009973313,22.05489258783605,7.306437037653058,29,19110,Trotting
1486,4,2026-08-30 12:15:40.960 +0200,12,0,0.7544679695306152,1.2458359415681937,16.507392059163923,6.008241480014077,29,19123,Trotting
1487,4,2026-08-30 12:15:41.960 +0200,13,0,0.7731413925329581,1.517604694015066,15.358803903937476,5.922313942887602,29,19135,Trotting
1488,4,2026-08-30 12:15:42.960 +0200,12,0,0.6169282390917211,1.199438410410124,19.791682160403983,9.813384895892295,29,19148,Trotting
1489,4,2026-08-30 12:15:43.960 +0200,13,0,0.5244843665447199,1.1345045988280529,21.436897837463814,9.518790239260708,29,19160,Trotting
1490,4,2026-08-30 12:15:44.960 +0200,12,0,0.5521221722963059,1.1332556318592941,19.388100755440938,7.416020077487691,29,19173,Trotting
1491,4,2026-08-30 12:15:45.960 +0200,13,0,0.5466700283851511,1.1622923524561326,21.151043148576598,7.909731319124832,29,19185,Trotting
1492,4,2026-08-30 12:15:46.960 +0200,12,0,0.3888136511194267,0.8053332238126859,19.823247399324067,10.926447176745947,29,19198,Walking
1493,4,2026-08-30 12:15:47.960 +0200,13,0,0.31406234432694163,0.611919480422478,19.960992796136274,10.222153176676121,29,19210,Walking
1494,4,2026-08-30 12:15:48.960 +0200,12,0,0.2687734214387372,0.4041185585308599,21.644171723575493,7.107641436262857,29,19223,Walking
1495,4,2026-08-30 12:15:49.960 +0200,13,0,0.27758048399877716,0.5000484785181729,22.743135430024303,8.454372170347135,29,19235,Walking
1496,4,2026-08-30 12:15:50.960 +0200,12,0,0.3677799768083569,0.635858856212209,22.81538491191061,9.031022051947664,29,19248,Walking
1498,4,2026-08-30 12:15:52.960 +0200,12,0,0.11394235729565723,0.27129260963444407,26.09756400958837,18.509421802599743,29,19273,Walking
1499,4,2026-08-30 12:15:53.960 +0200,13,0,0.2391601270185702,0.47206271993823123,30.626439831365538,17.168563725250838,29,19285,Walking
1500,4,2026-08-30 12:15:54.960 +0200,12,0,0.7990649360718294,1.4079688671291082,16.02909828928311,11.206595296306668,29,19298,Trotting
1501,4,2026-08-30 12:15:56.960 +0200,11,0,0.7058359607754617,1.239867166042982,6.478311831883281,-4.049015585252816,29,19338,Trotting
1502,4,2026-08-30 12:15:57.960 +0200,13,0,0.6935364332759479,0.9191456105486012,14.271373590104613,-0.734634749738373,29,19349,Trotting
1503,4,2026-08-30 12:15:58.960 +0200,12,0,0.6488160542505454,0.9951970027701553,19.812144587705934,1.5396694247246943,29,19362,Trotting
1504,4,2026-08-30 12:15:59.960 +0200,13,0,0.570094883592725,0.8108160983668645,22.617108381478303,3.918594980226942,29,19374,Trotting
1505,4,2026-08-30 12:16:00.960 +0200,12,0,0.6037644053410337,1.2888996578126124,20.986693967895924,2.6586304238122893,29,19387,Trotting
1506,4,2026-08-30 12:16:01.960 +0200,13,0,0.41611049313457643,0.596796016779888,16.816294318987506,2.0201198846467516,29,19399,Walking
1236,4,2026-08-30 12:11:31.960 +0200,13,0,0.42811727268278194,0.8871637694439141,17.95632108871822,6.560616107013212,24,15895,Walking
1237,4,2026-08-30 12:11:32.960 +0200,12,0,0.3462485975457192,0.6178280513043009,13.667359158447537,4.313860710649913,24,15908,Walking
1238,4,2026-08-30 12:11:34.960 +0200,11,0,0.5220054351501155,0.816769665867372,10.940462132444612,-2.951033960424274,24,15948,Trotting
1239,4,2026-08-30 12:11:35.960 +0200,13,0,0.5740497101278941,0.8393588691204824,12.166147614308509,6.3278524071933715,24,15959,Trotting
1240,4,2026-08-30 12:11:36.960 +0200,12,0,0.6328393976163832,1.0546553086404882,20.250892671993732,6.001186896620315,24,15972,Trotting
1241,4,2026-08-30 12:11:37.960 +0200,13,0,0.464323065226336,0.817073153633875,29.077719527089336,4.031082717020917,24,15984,Walking
1242,4,2026-08-30 12:11:38.960 +0200,12,0,0.6358529886097634,1.1394780865466607,28.351101569868792,5.60118981167436,24,15997,Trotting
1243,4,2026-08-30 12:11:39.960 +0200,13,0,0.5340065254772887,0.9002399373364754,21.343286289645373,5.419550662573741,24,16009,Trotting
1244,4,2026-08-30 12:11:40.960 +0200,12,0,0.5799808328594275,0.9408006955050352,15.780507603843077,2.300003722488626,24,16022,Trotting
1245,4,2026-08-30 12:11:41.960 +0200,13,0,0.5516785925456047,1.168202495974033,12.95302855968356,2.3711235348302866,24,16034,Trotting
1246,4,2026-08-30 12:11:42.960 +0200,12,0,0.7027050242653852,0.917884002929198,9.459479040784142,6.015883880015941,24,16047,Trotting
1247,4,2026-08-30 12:11:43.960 +0200,13,0,0.5687944552295321,1.0416502052392438,8.47031757319423,7.1428220914926035,24,16059,Trotting
1248,4,2026-08-30 12:11:44.960 +0200,12,0,0.5457132355777463,0.8714294606291927,10.053256961128003,4.272997972920496,24,16072,Trotting
1249,4,2026-08-30 12:11:45.960 +0200,13,0,0.6359249200486622,1.098311072094043,23.528441877252472,-3.484150291156602,24,16084,Trotting
1250,4,2026-08-30 12:11:46.960 +0200,12,0,0.3958740785303103,0.9048168066246,45.08402467572278,-6.321088385035156,24,16097,Walking
1251,4,2026-08-30 12:11:47.960 +0200,13,0,0.4618421528347411,0.7308163985110309,42.262669562488405,0.4975865525221281,24,16109,Walking
1252,4,2026-08-30 12:11:48.960 +0200,12,0,0.5810920485369958,1.0844651359012238,25.41130075288592,3.9849089463896425,24,16122,Trotting
1253,4,2026-08-30 12:11:49.960 +0200,13,0,0.6709214498312416,1.6068874269774265,18.912501263384677,2.0691569091018143,24,16134,Trotting
1254,4,2026-08-30 12:11:50.960 +0200,12,0,0.5598925383999037,0.9989543507125008,23.465585388104888,2.9865470212746157,24,16147,Trotting
1255,4,2026-08-30 12:11:51.960 +0200,13,0,0.3973019527471126,0.613046972576905,35.532093380168135,8.560106161262645,24,16159,Walking
1256,4,2026-08-30 12:11:52.960 +0200,12,0,0.1924527751458814,0.520911638067593,43.65956281491927,4.344265377415553,24,16172,Walking
1257,4,2026-08-30 12:11:53.960 +0200,13,0,0.22238183929608824,0.4726732246566539,47.350123942624315,-2.975978530231908,24,16184,Walking
1258,4,2026-08-30 12:11:54.960 +0200,12,0,0.11462454654764564,0.18747197698355186,54.41137764976413,-3.7495587318922006,24,16197,Standing
1259,4,2026-08-30 12:11:55.960 +0200,13,0,0.3114172153137669,0.7560401455567918,55.00005400941014,-5.978658089962594,24,16209,Walking
1260,4,2026-08-30 12:11:56.960 +0200,12,0,0.6559353363520037,1.106242891859936,42.080739920113054,-3.385111671442953,24,16222,Trotting
1261,4,2026-08-30 12:11:57.960 +0200,13,0,0.6133777637833551,0.9744243336509162,27.734281578799937,2.0826275912148966,24,16234,Trotting
1262,4,2026-08-30 12:11:58.960 +0200,12,0,0.6660215048397052,1.1826765307908733,22.694730980025657,4.5240885267760635,24,16247,Trotting
1263,4,2026-08-30 12:11:59.960 +0200,13,0,0.5654601377313901,0.9248212073843577,17.66909382933033,6.737031720802362,24,16259,Trotting
1376,4,2026-08-30 12:13:50.960 +0200,13,0,0.1837453559017381,0.25599811073813084,28.163291178813438,-2.320362783194906,27,17704,Walking
1264,4,2026-08-30 12:12:00.960 +0200,11,0,0.5863956740648584,1.2088556161192738,16.27615164289722,7.231685235893773,25,16287,Trotting
1372,4,2026-08-30 12:13:46.960 +0200,13,0,0.17453090873518207,0.39291782110131024,9.273390892493238,-2.070583210235967,27,17654,Walking
1373,4,2026-08-30 12:13:47.960 +0200,12,0,0.17752133091871589,0.32921116215923996,15.783432719076446,-3.687578603210983,27,17667,Walking
1374,4,2026-08-30 12:13:48.960 +0200,13,0,0.251214239191759,0.4211240577619275,20.08332760145979,-2.9662519380204446,27,17679,Walking
1375,4,2026-08-30 12:13:49.960 +0200,12,0,0.24963384318774504,0.45290171547958796,26.66728613512087,-1.510266364697262,27,17692,Walking
1377,4,2026-08-30 12:13:51.960 +0200,12,0,0.1883440734866573,0.28144805381652305,17.826605345236498,-1.5346005980546098,27,17717,Walking
1378,4,2026-08-30 12:13:52.960 +0200,13,0,0.1053447811598552,0.15823603821282742,9.78308178131402,1.3994624784784735,27,17729,Standing
1379,4,2026-08-30 12:13:53.960 +0200,12,0,0.043645968374675194,0.06522066988858626,4.35329540920587,3.7407120994233156,27,17742,Standing
1380,4,2026-08-30 12:13:54.960 +0200,13,0,0.06616730386325269,0.12671244115211888,2.6050366169081034,4.643501647894681,27,17754,Standing
1381,4,2026-08-30 12:13:55.960 +0200,12,0,0.08993656018168887,0.1469219837928701,0.6039155210601159,7.213416003962824,27,17767,Standing
1382,4,2026-08-30 12:13:56.960 +0200,13,0,0.04126815316562203,0.0893723722218299,-1.3994798173024472,8.796997057363171,27,17779,Standing
1383,4,2026-08-30 12:13:57.960 +0200,12,0,0.030852203259387218,0.06460952869475418,-2.230276410969417,7.498778194053869,27,17792,Standing
1384,4,2026-08-30 12:13:58.960 +0200,13,0,0.0687705671818225,0.09689512228405837,-3.214720536357232,6.062657838894324,27,17804,Standing
1385,4,2026-08-30 12:13:59.960 +0200,12,0,0.038693878231807484,0.06547424056671282,-5.057818635128168,3.7578885669340782,27,17817,Standing
1386,4,2026-08-30 12:14:00.960 +0200,13,0,0.03323516725344131,0.13658431561977774,-6.330716234346347,2.192774406140356,27,17829,Standing
1387,4,2026-08-30 12:14:01.960 +0200,12,0,0.10417175319078954,0.17954827303479481,-5.887034638389314,4.448076885851749,27,17842,Standing
1388,4,2026-08-30 12:14:02.960 +0200,13,0,0.036934347975115515,0.07669155252532385,-4.941856012171457,8.31406821173471,27,17854,Standing
1389,4,2026-08-30 12:14:03.960 +0200,12,0,0.05993791529708483,0.1492805114274244,-4.618329990444855,10.08201544342758,27,17867,Standing
1390,4,2026-08-30 12:14:04.960 +0200,13,0,0.18423015752824173,0.27431450787407163,-5.42915276230319,5.485192243113762,27,17879,Walking
1391,4,2026-08-30 12:14:05.960 +0200,12,0,0.04929837929121319,0.08841177414550708,-7.259734098570494,-1.4359160758651095,27,17892,Standing
1392,4,2026-08-30 12:14:06.960 +0200,13,0,0.9941713221071529,2.8559729890071988,-6.167822282576319,1.806999396819119,27,17904,Trotting
1393,4,2026-08-30 12:14:07.960 +0200,12,0,0.6779853275479456,1.2856164463891762,4.003314788143393,9.311247346730724,27,17917,Trotting
1283,4,2026-08-30 12:12:18.960 +0200,12,0,0.8210373998995987,1.4639645923458806,9.888455073806375,3.6781291697543774,25,16511,Trotting
1284,4,2026-08-30 12:12:19.960 +0200,13,0,0.7459228503549868,1.3655326566311135,6.387300973435501,10.386283324683092,25,16523,Trotting
1285,4,2026-08-30 12:12:20.960 +0200,12,0,1.0031056897569222,2.2158050782932075,4.646940554835928,15.459905918985767,25,16536,Trotting
1286,4,2026-08-30 12:12:21.960 +0200,13,0,0.7376916649181795,1.2070369267104895,0.142062412259542,17.63484260239706,25,16548,Trotting
1287,4,2026-08-30 12:12:22.960 +0200,12,0,0.6607450114574394,1.2432061362699027,-0.20886545096273249,19.161966964591677,25,16561,Trotting
1288,4,2026-08-30 12:12:23.960 +0200,13,0,0.6863061258287223,1.0754846934431284,4.236764246901885,17.94062970965618,25,16573,Trotting
1289,4,2026-08-30 12:12:24.960 +0200,12,0,0.5495453165595517,0.9906365374786764,2.856814932620597,15.578319919450715,25,16586,Trotting
1290,4,2026-08-30 12:12:25.960 +0200,13,0,0.5037950783036146,1.2226631623971558,0.7174653236586194,21.534541943551492,25,16598,Trotting
1291,4,2026-08-30 12:12:26.960 +0200,14,0,0.605497917770942,1.23168323116179,6.106645713908622,20.133015373953107,25,16611,Trotting
1292,4,2026-08-30 12:12:27.960 +0200,12,0,0.5866480333540435,1.1189774915659891,8.127637987476342,19.613938311192207,25,16625,Trotting
1293,4,2026-08-30 12:12:28.960 +0200,13,0,0.6594375861486417,1.3126043024036047,10.178118461930023,17.468722317620255,25,16637,Trotting
1294,4,2026-08-30 12:12:29.960 +0200,12,0,0.5056840468051468,1.0305029685215068,12.661233843389951,16.63474601647588,25,16650,Trotting
1295,4,2026-08-30 12:12:30.960 +0200,13,0,0.3120799207348672,0.44162231266986735,7.636587934846691,20.504909243529887,25,16662,Walking
1296,4,2026-08-30 12:12:31.960 +0200,12,0,0.3180639430303383,0.7068747028009548,7.303418369672902,21.666731150935018,25,16675,Walking
1297,4,2026-08-30 12:12:32.960 +0200,13,0,0.38422187804414737,0.6050096941596876,15.389491602253145,21.988830572755088,25,16687,Walking
1298,4,2026-08-30 12:12:33.960 +0200,12,0,0.3887673728347838,0.60374537618221,17.01945097442277,24.42639537600859,25,16700,Walking
1299,4,2026-08-30 12:12:34.960 +0200,13,0,0.509530254472656,0.8428233186213442,16.095734183598623,22.23896756746785,25,16712,Trotting
1300,4,2026-08-30 12:12:35.960 +0200,12,0,0.29689222092666956,0.5480121962328256,16.905813008147074,18.372863032669258,25,16725,Walking
1301,4,2026-08-30 12:12:36.960 +0200,13,0,0.3510595752395623,0.6892559952618713,15.767565817247704,18.612161976117584,25,16737,Walking
1302,4,2026-08-30 12:12:37.960 +0200,12,0,0.42398890733005046,0.7088549831384745,12.388536907475775,21.996028957374026,25,16750,Walking
1303,4,2026-08-30 12:12:38.960 +0200,13,0,0.36094953055853296,0.6536443433118962,11.894670024690912,23.526202025495067,25,16762,Walking
1304,4,2026-08-30 12:12:39.960 +0200,12,0,0.3712304412075062,0.7742778288841148,15.750248982692886,22.048314249660333,25,16775,Walking
1305,4,2026-08-30 12:12:40.960 +0200,13,0,0.47590894728388566,0.7672135167265232,18.191192221482865,21.037978323845792,25,16787,Walking
1306,4,2026-08-30 12:12:41.960 +0200,12,0,0.4029167844700445,0.7750756593658662,20.793115248783405,20.40578248964635,25,16800,Walking
1307,4,2026-08-30 12:12:42.960 +0200,13,0,0.33120599298189757,0.6820729467486272,23.397277867195704,24.473700998974703,25,16812,Walking
1308,4,2026-08-30 12:12:43.960 +0200,12,0,0.5556962391752014,0.8138859437960465,24.289942501064502,24.94853527991269,25,16825,Trotting
1309,4,2026-08-30 12:12:44.960 +0200,13,0,0.21889139936638097,0.4047543725395464,37.42147770862545,10.264540962757339,25,16837,Walking
1310,4,2026-08-30 12:12:45.960 +0200,12,0,0.10939908219534626,0.20065926838487744,46.51081604468818,1.850600020886539,25,16850,Standing
1311,4,2026-08-30 12:12:46.960 +0200,13,0,0.09734956822708307,0.16475663899950665,45.95431523045143,4.061925679968851,25,16862,Standing
1312,4,2026-08-30 12:12:47.960 +0200,12,0,0.12973377267931843,0.21185557594271986,45.69127959108263,6.714149037164485,25,16875,Standing
1313,4,2026-08-30 12:12:48.960 +0200,13,0,0.15117882362833404,0.37773250528087826,48.63577972293903,6.370158437047048,25,16887,Walking
1314,4,2026-08-30 12:12:49.960 +0200,12,0,0.4866292307665067,1.0755322223617592,46.71328211356263,0.9845435883985157,25,16900,Trotting
1315,4,2026-08-30 12:12:50.960 +0200,13,0,0.7377323059493613,1.0681801468556646,25.375509421222013,0.0444045912880383,25,16912,Trotting
1316,4,2026-08-30 12:12:51.960 +0200,12,0,0.7885074093860619,1.3894876340753035,3.403197123576429,8.010159150804556,25,16925,Trotting
1317,4,2026-08-30 12:12:52.960 +0200,13,0,0.9150286143372,1.6830940434682562,0.37993057824869353,15.867499577477243,25,16937,Trotting
1755,4,2026-08-30 12:20:07.960 +0200,13,0,0.7083677082971979,1.6696527004453032,14.57425414224392,21.77598880297396,34,22575,Trotting
1318,4,2026-08-30 12:12:53.960 +0200,11,0,0.8110727327035995,1.3248623160417679,-14.826843574141058,25.045442149061873,26,16965,Trotting
1741,4,2026-08-30 12:19:53.960 +0200,13,0,0.6562183613908682,1.1271641694524794,13.171748840249997,22.33596844607951,34,22400,Trotting
1742,4,2026-08-30 12:19:54.960 +0200,12,0,0.47549534485168765,0.7478604762417096,21.881175129602003,18.532434978207462,34,22413,Walking
1743,4,2026-08-30 12:19:55.960 +0200,13,0,0.732866312887965,1.2509887241507909,22.01858658976186,17.33182776844738,34,22425,Trotting
1744,4,2026-08-30 12:19:56.960 +0200,12,0,0.7357932161649184,1.1704107886422892,8.631480250083674,18.861576919171924,34,22438,Trotting
1745,4,2026-08-30 12:19:57.960 +0200,13,0,0.6727868148762451,1.3097617658358591,10.18081414501708,16.776162591938366,34,22450,Trotting
1746,4,2026-08-30 12:19:58.960 +0200,12,0,0.5336868689947462,0.9650947178547764,20.540788426283786,18.47276059704344,34,22463,Trotting
1747,4,2026-08-30 12:19:59.960 +0200,13,0,0.4439585244388495,0.9407925616212964,28.863403823306136,17.60326302099084,34,22475,Walking
1748,4,2026-08-30 12:20:00.960 +0200,12,0,0.3060477265404396,0.418798108568493,30.08691709288848,15.519905551940013,34,22488,Walking
1749,4,2026-08-30 12:20:01.960 +0200,13,0,0.48785011956759344,1.383745722716698,21.733638393145274,20.473600248544106,34,22500,Walking
1750,4,2026-08-30 12:20:02.960 +0200,12,0,0.4768462592465763,1.241870286257763,12.120794402942513,23.639750718815673,34,22513,Walking
1751,4,2026-08-30 12:20:03.960 +0200,13,0,0.6171351067978824,1.0373985862459199,6.202310944367015,23.836475411426328,34,22525,Trotting
1752,4,2026-08-30 12:20:04.960 +0200,12,0,0.6886836606022441,1.1695641399134151,6.477820823260987,24.14059012625773,34,22538,Trotting
1753,4,2026-08-30 12:20:05.960 +0200,13,0,0.6878198337499455,1.124467361138505,6.261397721936888,22.780013539471987,34,22550,Trotting
1754,4,2026-08-30 12:20:06.960 +0200,12,0,0.6356805913163266,1.4077112695284062,5.743171821472347,20.02783635057253,34,22563,Trotting
1756,4,2026-08-30 12:20:08.960 +0200,12,0,0.7021323897210755,1.5131943832145742,16.115004305845336,22.64891730324405,34,22588,Trotting
1757,4,2026-08-30 12:20:09.960 +0200,13,0,0.5294464135818777,1.0860583746841022,12.923765271052705,22.73472188558338,34,22600,Trotting
1758,4,2026-08-30 12:20:10.960 +0200,12,0,0.6295655022672196,1.1635299710830291,19.277912777288122,24.419619353688518,34,22613,Trotting
1330,4,2026-08-30 12:13:04.960 +0200,13,0,0.42175771125447414,0.7417352593149412,14.958863264844199,18.332813949960197,26,17101,Walking
1331,4,2026-08-30 12:13:05.960 +0200,12,0,0.40203477943880866,0.6275502648681952,7.517327108468578,16.813030326754365,26,17114,Walking
1332,4,2026-08-30 12:13:06.960 +0200,13,0,0.4155729807664733,0.7660192861513283,-2.174772076361216,19.205636049552734,26,17126,Walking
1333,4,2026-08-30 12:13:07.960 +0200,12,0,0.36215176543273064,0.6633666253022212,-1.1302464046857599,22.53938422512265,26,17139,Walking
1334,4,2026-08-30 12:13:08.960 +0200,13,0,0.4067156661416893,1.0199623807930713,4.774414272958959,20.81214649260524,26,17151,Walking
1335,4,2026-08-30 12:13:09.960 +0200,12,0,0.2832079244726951,0.5799777755302231,12.802166202550346,17.62147749658421,26,17164,Walking
1336,4,2026-08-30 12:13:10.960 +0200,13,0,0.31920555769869746,0.5193849506641435,14.83303699929847,17.20465114750515,26,17176,Walking
1337,4,2026-08-30 12:13:11.960 +0200,12,0,0.38578714193412655,0.6159108822827551,22.263963109663027,17.33120001880018,26,17189,Walking
1338,4,2026-08-30 12:13:12.960 +0200,13,0,0.3176691376291952,0.7459166038280749,34.29564394206675,15.224122658111614,26,17201,Walking
1339,4,2026-08-30 12:13:13.960 +0200,12,0,0.1783848132200048,0.28139339843413524,40.037230276847126,12.657106040984887,26,17214,Walking
1340,4,2026-08-30 12:13:14.960 +0200,13,0,0.6082701290680428,0.8416251971931403,33.54024518977624,15.772457556072219,26,17226,Trotting
1341,4,2026-08-30 12:13:15.960 +0200,12,0,0.407296769061325,0.6323254337019276,10.603171472840476,15.042079384345394,26,17239,Walking
1342,4,2026-08-30 12:13:16.960 +0200,13,0,0.3565184207626923,0.8179221703238444,1.9053342609139514,16.3904614355727,26,17251,Walking
1343,4,2026-08-30 12:13:17.960 +0200,12,0,0.291352831233396,0.6499516880347732,-1.6739404617953741,25.914791681732755,26,17264,Walking
1344,4,2026-08-30 12:13:19.960 +0200,11,0,0.6175843099226559,1.0344582369563577,24.438818528784335,8.473943974426023,26,17304,Trotting
1345,4,2026-08-30 12:13:20.960 +0200,13,0,0.7080646854445022,1.1038451207009792,13.893751252721394,15.835764806964722,26,17315,Trotting
1346,4,2026-08-30 12:13:21.960 +0200,12,0,0.545800001063526,1.1113660872104922,10.244209533567297,11.936560764338351,26,17328,Trotting
1347,4,2026-08-30 12:13:22.960 +0200,13,0,0.578075972969972,1.0006716824899733,12.352377551017344,7.889174233233775,26,17340,Trotting
1348,4,2026-08-30 12:13:23.960 +0200,12,0,0.47857433188907533,0.7135883874860841,15.685973428422264,11.678305797765612,26,17353,Walking
1349,4,2026-08-30 12:13:24.960 +0200,13,0,0.7174515689080795,1.6082692083124588,23.55293568196962,9.682637733560727,26,17365,Trotting
1350,4,2026-08-30 12:13:25.960 +0200,12,0,0.3644830685126154,0.6043163029038862,30.715465874508656,-1.1571059942285726,26,17378,Walking
1351,4,2026-08-30 12:13:26.960 +0200,13,0,0.46456062955419064,0.6015986644624789,16.619182954593228,-7.066451819447692,26,17390,Walking
1352,4,2026-08-30 12:13:27.960 +0200,12,0,0.13435799544822252,0.30138260210212187,-0.2574003623621894,-3.798397988394665,26,17403,Walking
1353,4,2026-08-30 12:13:28.960 +0200,13,0,0.23816282478760661,0.4771283874171604,-3.3546044010702585,-1.9123163694295195,26,17415,Walking
1354,4,2026-08-30 12:13:29.960 +0200,12,0,0.3774856414055891,0.8862279026467239,1.0429717390508253,-1.925909771250508,26,17428,Walking
1355,4,2026-08-30 12:13:30.960 +0200,13,0,0.16976429142647234,0.2749726682865664,6.20053263551001,-5.963593597588983,26,17440,Walking
1356,4,2026-08-30 12:13:31.960 +0200,12,0,0.13751625662887398,0.22779243250033676,2.773886426564698,-9.414524750992568,26,17453,Standing
1357,4,2026-08-30 12:13:32.960 +0200,13,0,0.07240397324051585,0.12276998652803714,1.9461324760911798,-5.64596460670092,26,17465,Standing
1358,4,2026-08-30 12:13:33.960 +0200,12,0,0.04151869801521225,0.07130473293362764,5.032135290958391,-3.1615985089726437,26,17478,Standing
1359,4,2026-08-30 12:13:34.960 +0200,13,0,0.043460943149893023,0.10316206167838152,5.834449766439566,-2.976762949761262,26,17490,Standing
1360,4,2026-08-30 12:13:35.960 +0200,12,0,0.058873676575524676,0.09095510594200183,5.185111112637106,-2.937590711478943,26,17503,Standing
1361,4,2026-08-30 12:13:36.960 +0200,13,0,0.023901708718505797,0.036816546776298455,3.4405700417124896,-3.4030352155222516,26,17515,Standing
1362,4,2026-08-30 12:13:37.960 +0200,12,0,0.044285017344619544,0.1437885686300595,2.7431808924149785,-2.810162638910389,26,17528,Standing
1363,4,2026-08-30 12:13:38.960 +0200,13,0,0.07541077207309811,0.1543253947880953,3.6213188074794846,-1.0989178675913573,26,17540,Standing
1364,4,2026-08-30 12:13:39.960 +0200,12,0,0.06534992951211933,0.14482471748415368,5.363492424160957,-0.46525235996073283,26,17553,Standing
1365,4,2026-08-30 12:13:40.960 +0200,13,0,0.07261393628110767,0.1634184497649731,5.988069260993229,-2.0568600704931392,26,17565,Standing
1366,4,2026-08-30 12:13:41.960 +0200,12,0,0.09927478521148174,0.14264396965592602,5.322803625826997,-4.2329466769756126,26,17578,Standing
1367,4,2026-08-30 12:13:42.960 +0200,13,0,0.07947927311457179,0.12680315219574168,7.875470548270328,-3.812307961283208,26,17590,Standing
1368,4,2026-08-30 12:13:43.960 +0200,12,0,0.06712377105918162,0.1355974642316765,10.541539037464359,-1.956383231410138,26,17603,Standing
1369,4,2026-08-30 12:13:44.960 +0200,13,0,0.03614579936571152,0.08487815215671889,11.140965311935194,-2.415804345981934,26,17615,Standing
1370,4,2026-08-30 12:13:45.960 +0200,11,0,0.018894293355907536,0.04124991733911208,8.032122879879712,-1.5960610710778675,27,17643,Standing
1394,4,2026-08-30 12:14:08.960 +0200,13,0,0.7291809860116625,1.3741313709457312,10.989083040392176,9.967068800443904,27,17929,Trotting
1395,4,2026-08-30 12:14:09.960 +0200,12,0,0.8864379229092365,1.7834015046292697,7.890493204847847,7.546145517890005,27,17942,Trotting
1396,4,2026-08-30 12:14:11.960 +0200,11,0,0.38295707408958957,0.8776461947760437,27.91138074225978,5.693596487523877,27,17982,Walking
1397,4,2026-08-30 12:14:12.960 +0200,13,0,0.36325470933400794,0.6070527908702597,20.926256070779225,8.045628015870044,27,17993,Walking
1398,4,2026-08-30 12:14:13.960 +0200,12,0,0.37485367101676487,0.7658677664941749,18.77645212073935,6.287559949463669,27,18006,Walking
1399,4,2026-08-30 12:14:14.960 +0200,13,0,0.31044096201528465,0.5053157434495057,20.785812992024017,2.861915695732447,27,18018,Walking
1400,4,2026-08-30 12:14:15.960 +0200,12,0,0.3267930051786559,0.6942700334521926,22.782988498220934,2.6345457983598073,27,18031,Walking
1401,4,2026-08-30 12:14:16.960 +0200,13,0,0.24692883427669055,0.4563854575065254,21.378143458092037,7.040306715639655,27,18043,Walking
1402,4,2026-08-30 12:14:17.960 +0200,12,0,0.25182925670763945,0.3751665284108388,18.272192513088097,8.065843435020346,27,18056,Walking
1403,4,2026-08-30 12:14:18.960 +0200,13,0,0.3226803392857099,0.5682901436186103,16.60812682801331,3.608437503146612,27,18068,Walking
1404,4,2026-08-30 12:14:19.960 +0200,12,0,0.6987492981761886,1.4468381791259783,19.06873647584607,2.2409462936362545,27,18081,Trotting
1405,4,2026-08-30 12:14:20.960 +0200,13,0,0.6104216185196081,1.0240037004866829,22.6760029690312,4.61755467488512,27,18093,Trotting
1406,4,2026-08-30 12:14:21.960 +0200,12,0,0.36453237838664493,0.9307594595307254,25.78826150867018,6.5036526435257,27,18106,Walking
1407,4,2026-08-30 12:14:22.960 +0200,13,0,0.36546200374436827,0.735353290222489,26.938176020926555,4.76086891243525,27,18118,Walking
1408,4,2026-08-30 12:14:23.960 +0200,12,0,0.30842362327212075,0.5499020319947768,20.19309150403321,1.2292121601211339,27,18131,Walking
1409,4,2026-08-30 12:14:24.960 +0200,13,0,0.331084913080199,0.9990085008625154,14.049035634797256,2.0231491384058864,27,18143,Walking
1410,4,2026-08-30 12:14:25.960 +0200,12,0,0.5714399783623106,0.9021543254110952,8.781989917239022,1.5428545654649912,27,18156,Trotting
1411,4,2026-08-30 12:14:26.960 +0200,13,0,0.7539076268249859,1.4839223294422759,5.1081509364212625,2.9696036613937773,27,18168,Trotting
1412,4,2026-08-30 12:14:27.960 +0200,12,0,0.6893563662272678,1.1573611335690048,8.33551703854552,7.39660325985368,27,18181,Trotting
1413,4,2026-08-30 12:14:28.960 +0200,13,0,0.6395428960327774,0.9338319332556096,12.945915107239081,7.6909977569541335,27,18193,Trotting
1414,4,2026-08-30 12:14:29.960 +0200,12,0,0.4826177837598154,0.8504592348597065,15.419773717765336,7.357825194168233,27,18206,Trotting
1415,4,2026-08-30 12:14:30.960 +0200,13,0,0.5098901942787903,0.8585851920398181,17.809765016510234,7.03618859369928,27,18218,Trotting
1416,4,2026-08-30 12:14:31.960 +0200,12,0,0.4859801029662287,1.2586221583905726,22.14469987317091,6.96513943326429,27,18231,Trotting
1417,4,2026-08-30 12:14:32.960 +0200,13,0,0.3987530236623792,0.8048129698774277,24.99962491246352,3.945952005040127,27,18243,Walking
1418,4,2026-08-30 12:14:33.960 +0200,12,0,0.44292384778874067,0.690474908753358,16.53110191474699,-4.021975960980392,27,18256,Walking
1419,4,2026-08-30 12:14:34.960 +0200,13,0,0.20237037965351157,0.3170602548866785,-1.0585809298244762,-9.27809158538419,27,18268,Walking
1420,4,2026-08-30 12:14:35.960 +0200,12,0,0.1601766343607173,0.31840338238753824,-7.795537744239794,-6.451471998705489,27,18281,Walking
1421,4,2026-08-30 12:14:36.960 +0200,13,0,0.4270229649849202,0.7695393779499669,-4.397588039938311,3.4299421823462684,27,18293,Walking
1534,4,2026-08-30 12:16:28.960 +0200,12,0,0.3475727939631062,0.5777956578970619,24.479886875159607,3.3855635328270597,30,19751,Walking
1422,4,2026-08-30 12:14:37.960 +0200,14,0,0.4977208384532796,1.0208624630249112,11.159806220841718,9.975061220654228,28,18306,Trotting
1529,4,2026-08-30 12:16:23.960 +0200,13,0,0.5136102893820446,1.1010810074147002,14.174616532964032,0.7575844863113697,30,19688,Trotting
1530,4,2026-08-30 12:16:24.960 +0200,12,0,0.4381020622510518,0.7229103008854799,16.057541720142808,1.5013730786041466,30,19701,Walking
1531,4,2026-08-30 12:16:25.960 +0200,13,0,0.4275101991963482,0.7474312889293372,16.217213293480533,0.9053692307655543,30,19713,Walking
1532,4,2026-08-30 12:16:26.960 +0200,12,0,0.4420283152046967,0.8382475683550744,14.452405995590155,2.8083844367569175,30,19726,Walking
1533,4,2026-08-30 12:16:27.960 +0200,13,0,0.38537828765281784,0.7880084359672332,18.545179474242175,4.474148726955515,30,19738,Walking
1535,4,2026-08-30 12:16:29.960 +0200,13,0,0.32286454117041186,0.5552089043901189,18.988474288305277,4.666795567430682,30,19763,Walking
1536,4,2026-08-30 12:16:30.960 +0200,12,0,0.3410903284430366,0.5162914289749424,14.881434171597725,5.248871430261199,30,19776,Walking
1537,4,2026-08-30 12:16:31.960 +0200,13,0,0.4067359362879343,0.5864552146620912,13.090649758643819,4.121551833262227,30,19788,Walking
1538,4,2026-08-30 12:16:32.960 +0200,12,0,0.42280036006916516,0.7930102424477247,11.863764365331628,5.271759447576515,30,19801,Walking
1539,4,2026-08-30 12:16:33.960 +0200,13,0,0.2662404241823719,0.3752342300367105,16.071118823422214,7.805300029311818,30,19813,Walking
1540,4,2026-08-30 12:16:34.960 +0200,12,0,0.2649204907532687,0.39869784731607893,21.083490828623688,7.99169015704797,30,19826,Walking
1541,4,2026-08-30 12:16:35.960 +0200,13,0,0.4187513777391917,0.7127289589037715,25.334156659637156,6.147462676879964,30,19838,Walking
1542,4,2026-08-30 12:16:36.960 +0200,12,0,0.5852101223350239,1.0791819052056058,26.326075576710704,4.028992283777263,30,19851,Trotting
1543,4,2026-08-30 12:16:37.960 +0200,13,0,0.652493019686421,1.1853842870796396,17.656163761913216,3.059454033450923,30,19863,Trotting
1544,4,2026-08-30 12:16:38.960 +0200,12,0,0.6234131171594687,1.2684179457712403,9.8092336573481,2.8241645346820703,30,19876,Trotting
1545,4,2026-08-30 12:16:39.960 +0200,13,0,0.4312837669830305,0.7387344281415977,13.066067545019393,0.5206987424889523,30,19888,Walking
1546,4,2026-08-30 12:16:40.960 +0200,12,0,0.29973213137088195,0.6769813788802869,25.762350819618884,-0.28854514227989875,30,19901,Walking
1547,4,2026-08-30 12:16:41.960 +0200,13,0,0.4221516959553703,0.7211150829924688,31.50107143476166,3.7189886286490212,30,19913,Walking
1548,4,2026-08-30 12:16:42.960 +0200,12,0,0.8509263781962271,1.1963739733597418,19.209054864944864,12.209841283831182,30,19926,Trotting
1549,4,2026-08-30 12:16:43.960 +0200,13,0,0.7445213543023775,1.0818057821753826,10.429493444570104,12.555017148259408,30,19938,Trotting
1550,4,2026-08-30 12:16:44.960 +0200,12,0,0.5932147973731697,0.9324079553262703,13.03435817965809,8.138797668826898,30,19951,Trotting
1446,4,2026-08-30 12:15:00.960 +0200,12,0,0.22206139348345474,0.3401747501653563,39.659596320689595,0.831961961554433,28,18595,Walking
1447,4,2026-08-30 12:15:01.960 +0200,13,0,0.19383296178092776,0.30276629785381354,50.39311571437326,-2.342326768913441,28,18607,Walking
1448,4,2026-08-30 12:15:02.960 +0200,12,0,0.47775363996115466,0.5587947821539402,48.21648812325074,-1.356183278178464,28,18620,Walking
1449,4,2026-08-30 12:15:04.960 +0200,11,0,0.45537790629033703,0.8695443376133469,14.584352990074244,-3.8374050348065736,28,18660,Walking
1450,4,2026-08-30 12:15:05.960 +0200,13,0,0.518453557211883,0.8117895742386307,17.09033899839898,6.569254977296207,28,18671,Trotting
1451,4,2026-08-30 12:15:06.960 +0200,12,0,0.3672205295301684,0.6071167775587517,18.65499223519438,11.711105431099531,28,18684,Walking
1452,4,2026-08-30 12:15:07.960 +0200,13,0,0.34367889886444336,0.4979698573741444,22.746351811049788,10.148986230288507,28,18696,Walking
1453,4,2026-08-30 12:15:08.960 +0200,12,0,0.4257754557551954,0.6466274770699941,21.270165389577063,11.129354646813185,28,18709,Walking
1454,4,2026-08-30 12:15:09.960 +0200,13,0,0.2659929820794983,0.676763623250921,11.915673197088914,15.536189750319522,28,18721,Walking
1455,4,2026-08-30 12:15:10.960 +0200,12,0,0.23150954288633332,0.5164583821724328,11.490938717087309,9.613030942908427,28,18734,Walking
1456,4,2026-08-30 12:15:11.960 +0200,13,0,0.3078668943092413,0.5634005295255026,16.610093555985625,10.059324343364121,28,18746,Walking
1457,4,2026-08-30 12:15:12.960 +0200,12,0,0.2592145145076498,0.4248027933573971,21.92775266425483,11.998425858087261,28,18759,Walking
1458,4,2026-08-30 12:15:13.960 +0200,13,0,0.25766079136387277,0.9658439256456441,29.575357635628215,6.171195388728656,28,18771,Walking
1459,4,2026-08-30 12:15:14.960 +0200,12,0,0.48902258028840856,1.285273271458691,33.35963776808776,6.741262322018804,28,18784,Trotting
1460,4,2026-08-30 12:15:15.960 +0200,13,0,0.24881817365643408,0.46544112667444704,30.75565290840833,11.938302552111507,28,18796,Walking
1461,4,2026-08-30 12:15:16.960 +0200,12,0,0.2726483993918083,0.4546564169939859,31.395632323179,11.530020399041677,28,18809,Walking
1462,4,2026-08-30 12:15:17.960 +0200,13,0,0.2174264892362569,0.5329764944166437,38.42280132848389,4.357775388587703,28,18821,Walking
1463,4,2026-08-30 12:15:18.960 +0200,12,0,0.11823963609714061,0.2577630172406118,41.08968748443147,0.7348764394620897,28,18834,Standing
1464,4,2026-08-30 12:15:19.960 +0200,13,0,0.11827566987387368,0.2198274286714496,43.61919056148978,1.3588915568678888,28,18846,Standing
1465,4,2026-08-30 12:15:20.960 +0200,12,0,0.11703654529013419,0.24090426704401172,45.78775820990808,1.6603432125441897,28,18859,Standing
1466,4,2026-08-30 12:15:21.960 +0200,13,0,0.0871286631853938,0.1950389972230545,45.025202757138764,2.34401770187113,28,18871,Standing
1467,4,2026-08-30 12:15:22.960 +0200,12,0,0.14157905561494785,0.29950623102823093,45.17348003651073,3.199568681881507,28,18884,Walking
1468,4,2026-08-30 12:15:23.960 +0200,13,0,0.1631749430039085,0.23268288064777876,47.7657502550819,3.2918670868679376,28,18896,Walking
1469,4,2026-08-30 12:15:24.960 +0200,12,0,0.1289771768031107,0.4003509597706787,51.45739019614257,3.379979747421093,28,18909,Walking
1470,4,2026-08-30 12:15:25.960 +0200,13,0,0.22351515649271442,0.38914827484411124,48.95544388733453,1.6390414068430876,28,18921,Walking
1471,4,2026-08-30 12:15:26.960 +0200,12,0,0.2570688438256809,0.5612313108582266,44.85159573868939,-2.033891872731643,28,18934,Walking
1472,4,2026-08-30 12:15:27.960 +0200,13,0,0.4543725064454326,0.7168764353158246,40.36165540968687,1.8097341549779848,28,18946,Walking
1473,4,2026-08-30 12:15:28.960 +0200,12,0,0.3617908069360301,0.5802081768736522,30.95401652830886,6.578374344818372,28,18959,Walking
1474,4,2026-08-30 12:15:29.960 +0200,13,0,0.5183016689679214,1.1854443426449086,30.18465480635709,4.637494968494426,28,18971,Trotting
1639,4,2026-08-30 12:18:12.960 +0200,13,0,0.06095146957786612,0.14165357771414036,-8.608092904880715,25.02941900873452,32,21094,Lying chest
1475,4,2026-08-30 12:15:30.960 +0200,11,0,0.5107703728121629,0.8984712577521174,33.12764503791063,3.5960434551300127,29,18999,Trotting
1635,4,2026-08-30 12:18:08.960 +0200,13,0,0.670709869910159,1.5331046084376556,2.54719029901927,19.243631213482864,32,21044,Trotting
1636,4,2026-08-30 12:18:09.960 +0200,12,0,0.26785909537124925,0.5354041858682957,4.525249423398626,21.39125789340042,32,21057,Walking
1637,4,2026-08-30 12:18:10.960 +0200,13,0,0.21963296569560228,0.3629364680148602,3.10570769583392,22.384331253895844,32,21069,Walking
1638,4,2026-08-30 12:18:11.960 +0200,12,0,0.12600389453362118,0.20971382612582296,-3.689276919890507,23.577126721092785,32,21082,Lying chest
1640,4,2026-08-30 12:18:13.960 +0200,12,0,0.03544610806053781,0.06505139318201386,-10.133758485813576,25.151881177115865,32,21107,Lying chest
1641,4,2026-08-30 12:18:14.960 +0200,13,0,0.05475203681851897,0.10901433826773554,-9.837564826483527,24.161244200351085,32,21119,Lying chest
1642,4,2026-08-30 12:18:15.960 +0200,12,0,0.08422183309064628,0.15723276362540672,-8.960170680984337,22.33815913150451,32,21132,Lying chest
1643,4,2026-08-30 12:18:16.960 +0200,13,0,0.12049366404905043,0.15448602436952674,-10.022347851339662,24.20493082102353,32,21144,Lying chest
1644,4,2026-08-30 12:18:17.960 +0200,12,0,0.5316697076489162,1.9044311650741599,-14.33836973913259,27.51649180229536,32,21157,Trotting
1645,4,2026-08-30 12:18:18.960 +0200,13,0,1.3001294949423965,3.277048341654417,-15.388716531339687,24.848891698569272,32,21169,Trotting
1646,4,2026-08-30 12:18:19.960 +0200,12,0,1.3092492744681143,2.1561028068502095,-5.047247781300232,24.227014945192945,32,21182,Trotting
1647,4,2026-08-30 12:18:20.960 +0200,13,0,1.055006173584196,1.7886560968759913,-5.545276259574198,30.366570309011287,32,21194,Trotting
1648,4,2026-08-30 12:18:21.960 +0200,12,0,1.286915101685232,2.822357845092746,-10.763992237370282,27.756142368764014,32,21207,Trotting
1649,4,2026-08-30 12:18:22.960 +0200,13,0,1.1260272913240412,1.8725769814849014,-4.431113964264395,20.343787318738915,32,21219,Trotting
1650,4,2026-08-30 12:18:23.960 +0200,12,0,1.1617238591443562,2.1919446890058496,-5.760423298888877,20.745081802346373,32,21232,Trotting
1651,4,2026-08-30 12:18:24.960 +0200,13,0,0.8810796913924926,1.6568517609559814,-6.966201674602985,20.397299444672374,32,21244,Trotting
1652,4,2026-08-30 12:18:25.960 +0200,12,0,1.211622741827115,2.8153041319500973,-9.91717782999769,24.17787602912752,32,21257,Trotting
1653,4,2026-08-30 12:18:26.960 +0200,13,0,1.4958332045194977,4.209550780760085,-8.2105055294079,24.912223614639498,32,21269,Trotting
1654,4,2026-08-30 12:18:27.960 +0200,12,0,1.3741751376660503,3.1111061211664244,0.5141375067580144,20.57629287058653,32,21282,Trotting
1655,4,2026-08-30 12:18:28.960 +0200,13,0,1.2969050577499603,2.1919370750358746,-7.419597683872512,24.489420861054764,32,21294,Trotting
1656,4,2026-08-30 12:18:29.960 +0200,12,0,1.3042905675820176,2.997865634452494,-20.21329694303731,24.235605324111745,32,21307,Trotting
1507,4,2026-08-30 12:16:02.960 +0200,12,0,0.30982091881252655,0.44900797380830754,3.9221680452134535,1.3188987583504896,29,19412,Walking
1508,4,2026-08-30 12:16:03.960 +0200,13,0,0.7237374830283976,1.260239727057851,1.9698169292031789,1.549329296886947,29,19424,Trotting
1509,4,2026-08-30 12:16:04.960 +0200,12,0,0.6556109501664648,1.4506397778499156,12.566569456362652,4.32696475657701,29,19437,Trotting
1510,4,2026-08-30 12:16:05.960 +0200,13,0,0.7125782883090857,1.2681254097273733,19.135147671345756,5.187803957236933,29,19449,Trotting
1511,4,2026-08-30 12:16:06.960 +0200,12,0,0.49538744754850045,0.8210047855690746,20.889710579715288,5.036178402386212,29,19462,Trotting
1512,4,2026-08-30 12:16:07.960 +0200,13,0,0.6015629482333326,1.0293251456444514,15.257852488120559,4.996483183670419,29,19474,Trotting
1513,4,2026-08-30 12:16:08.960 +0200,12,0,0.5676338129062501,0.8842625750870826,8.343856811999204,7.570773886289771,29,19487,Trotting
1514,4,2026-08-30 12:16:09.960 +0200,13,0,0.5597944263233108,1.0842156673310057,8.13658270013811,5.693474409038327,29,19499,Trotting
1515,4,2026-08-30 12:16:10.960 +0200,12,0,0.7310091460275839,1.0334491092109412,8.168422589255606,3.127789762777608,29,19512,Trotting
1516,4,2026-08-30 12:16:11.960 +0200,13,0,0.6781210553455477,1.1261523481641693,11.765675621431363,3.869912607375983,29,19524,Trotting
1517,4,2026-08-30 12:16:12.960 +0200,12,0,0.6002708496720152,1.2299052454826098,21.09093154052199,5.671715353984283,29,19537,Trotting
1518,4,2026-08-30 12:16:13.960 +0200,13,0,0.5443115666093891,1.0098140080383982,31.343312559345673,6.240116353135625,29,19549,Trotting
1519,4,2026-08-30 12:16:14.960 +0200,12,0,0.497608627160018,1.1273509675850346,41.68221969144596,1.9828305992261577,29,19562,Trotting
1520,4,2026-08-30 12:16:15.960 +0200,13,0,0.42022022317230967,0.6609405486845943,41.6206603623921,-0.22836219747691613,29,19574,Walking
1521,4,2026-08-30 12:16:16.960 +0200,12,0,0.505894994335931,1.0494519473702322,34.93259178610446,0.06933315738171136,29,19587,Trotting
1522,4,2026-08-30 12:16:17.960 +0200,13,0,0.43264487205237523,0.7071698128835329,28.957538334922376,1.084026125781519,29,19599,Walking
1523,4,2026-08-30 12:16:18.960 +0200,12,0,0.4230373916653681,0.7723875270061622,28.792441124529002,1.737723320577409,29,19612,Walking
1524,4,2026-08-30 12:16:19.960 +0200,13,0,0.4642586668159851,0.8586861190051785,30.535653251737564,3.030989570660646,29,19624,Walking
1525,4,2026-08-30 12:16:20.960 +0200,12,0,0.4847147223161105,1.164661977113167,34.4601098692817,2.946173650931417,29,19637,Trotting
1526,4,2026-08-30 12:16:21.960 +0200,13,0,0.46031640323416717,0.7188669415915919,32.698959540446815,4.253893970647736,29,19649,Walking
1527,4,2026-08-30 12:16:22.960 +0200,11,0,0.5242114817296375,0.9722460289601477,8.76479237006745,-3.6856650364740844,30,19677,Trotting
1551,4,2026-08-30 12:16:45.960 +0200,13,0,0.5622350017800091,1.2653481506559796,18.071022891583898,4.7540095688704085,30,19963,Trotting
1552,4,2026-08-30 12:16:46.960 +0200,12,0,0.8405353570247499,1.6955541047314437,16.990556131255413,5.185481196144538,30,19976,Trotting
1553,4,2026-08-30 12:16:47.960 +0200,13,0,0.5383498623491572,1.024403853018827,16.842169036198808,9.39115828038396,30,19988,Trotting
1554,4,2026-08-30 12:16:48.960 +0200,14,0,0.4155031113426046,0.7731581698890649,11.771449947806316,1.8337396882262382,30,20001,Walking
1555,4,2026-08-30 12:16:49.960 +0200,12,0,0.31934566065842124,0.7192071260049595,18.339872689267384,8.108749764846872,30,20015,Walking
1556,4,2026-08-30 12:16:50.960 +0200,13,0,0.41160629744870886,0.6417285273466329,19.301535478629226,7.825919741601161,30,20027,Walking
1557,4,2026-08-30 12:16:51.960 +0200,12,0,0.48436855131880163,0.7972352050779321,22.154122535374253,5.792229680275052,30,20040,Walking
1558,4,2026-08-30 12:16:52.960 +0200,13,0,0.6599082928817401,1.436093437926103,22.676499705019424,5.768173719137422,30,20052,Trotting
1559,4,2026-08-30 12:16:53.960 +0200,12,0,0.5942294315063186,0.9262745729525375,16.19614766009919,6.242513148516455,30,20065,Trotting
1560,4,2026-08-30 12:16:54.960 +0200,13,0,0.5876089716900925,1.2398342309597181,14.235392287825062,5.895194992841713,30,20077,Trotting
1561,4,2026-08-30 12:16:55.960 +0200,12,0,0.5623617428298959,0.9174427424268786,19.757621572570507,5.774292666039276,30,20090,Trotting
1562,4,2026-08-30 12:16:56.960 +0200,13,0,0.5522075626477169,1.0471204231679492,26.12178997469126,6.816037712191885,30,20102,Trotting
1563,4,2026-08-30 12:16:57.960 +0200,12,0,0.33721865525701733,0.7394931695879299,27.323170944134347,6.149581148033689,30,20115,Walking
1564,4,2026-08-30 12:16:58.960 +0200,13,0,0.363383384693369,0.681368018715532,21.36398620202506,3.6246854820833536,30,20127,Walking
1565,4,2026-08-30 12:16:59.960 +0200,12,0,0.3227579216196354,0.5608184158028482,21.512755957074592,6.745543100652124,30,20140,Walking
1566,4,2026-08-30 12:17:00.960 +0200,13,0,0.20971024287414713,0.39930908065050763,23.90918478470891,7.260160362397063,30,20152,Walking
1567,4,2026-08-30 12:17:01.960 +0200,12,0,0.2860260871733881,0.523558107265457,21.405342606651615,3.073904374260979,30,20165,Walking
1568,4,2026-08-30 12:17:02.960 +0200,13,0,0.3762945954194507,0.7147438055492539,25.413288949953916,0.04867575132367693,30,20177,Walking
1569,4,2026-08-30 12:17:03.960 +0200,12,0,0.28261427924048227,0.49368982233239433,22.383149380959107,-1.8007394516744746,30,20190,Walking
1570,4,2026-08-30 12:17:04.960 +0200,13,0,0.5512280845701587,1.277422198242535,12.105659155130645,1.0000802311506178,30,20202,Trotting
1571,4,2026-08-30 12:17:05.960 +0200,12,0,0.6845119060468186,0.9816970350434254,5.7360596881247945,6.0184828092132205,30,20215,Trotting
1572,4,2026-08-30 12:17:06.960 +0200,13,0,0.6337554274659691,1.115715596781294,5.542879481561274,7.979353621891095,30,20227,Trotting
1573,4,2026-08-30 12:17:07.960 +0200,12,0,0.8180186862275657,1.1913608425304998,11.074847904620173,9.432997281069865,30,20240,Trotting
1574,4,2026-08-30 12:17:08.960 +0200,13,0,0.5359437696048901,1.0848158252214775,13.381330610369373,11.138573707990822,30,20252,Trotting
1575,4,2026-08-30 12:17:09.960 +0200,12,0,0.320313428739563,0.49082481674270967,13.233630312028412,11.805517426240783,30,20265,Walking
1576,4,2026-08-30 12:17:10.960 +0200,13,0,0.4639905803178754,1.2163627951031946,10.988465516193084,11.102707627618598,30,20277,Walking
1577,4,2026-08-30 12:17:11.960 +0200,12,0,0.5815804891956496,1.1268176829063201,21.27070473993335,9.891451900724343,30,20290,Trotting
1578,4,2026-08-30 12:17:12.960 +0200,13,0,0.34828784693867504,0.6848766091514603,33.46830730298902,4.141495370471973,30,20302,Walking
1579,4,2026-08-30 12:17:13.960 +0200,12,0,0.324909271372383,0.5770683770588526,26.136645351873103,1.0031309765974852,30,20315,Walking
1580,4,2026-08-30 12:17:14.960 +0200,13,0,0.3237658353402233,0.5682522328698343,18.29264691432764,2.9149137993261465,30,20327,Walking
1581,4,2026-08-30 12:17:15.960 +0200,11,0,0.26637155043131594,0.632441955268824,18.945708619361298,-7.245928316162094,31,20355,Walking
1593,4,2026-08-30 12:17:26.960 +0200,13,0,0.4906950688375658,0.9144345435560839,13.013406571608856,4.842854796917608,31,20491,Trotting
1594,4,2026-08-30 12:17:27.960 +0200,12,0,0.5668001224100364,0.952875330746656,15.561862438713435,3.2094292090771916,31,20504,Trotting
1595,4,2026-08-30 12:17:28.960 +0200,13,0,0.46111363324059346,0.9856221246889079,16.71856621922877,3.044573708395352,31,20516,Walking
1596,4,2026-08-30 12:17:29.960 +0200,12,0,0.4687425828397554,0.8042471635156,23.098676495923133,3.707576598374148,31,20529,Walking
1597,4,2026-08-30 12:17:30.960 +0200,13,0,0.2144260579889378,0.46354520776946256,30.48731456964885,7.771945349691691,31,20541,Walking
1598,4,2026-08-30 12:17:31.960 +0200,12,0,0.3080892649991042,0.5449823058607024,32.472735507624556,6.2071080446367235,31,20554,Walking
1599,4,2026-08-30 12:17:32.960 +0200,13,0,0.4196518528429461,0.7411370801714823,31.012409489564483,0.17329472260487802,31,20566,Walking
1600,4,2026-08-30 12:17:33.960 +0200,12,0,0.2546446374577808,0.42500783545620113,27.98847582835027,-1.1973994741051621,31,20579,Walking
1601,4,2026-08-30 12:17:34.960 +0200,13,0,0.28180529327816006,0.4633023461207322,26.039605913628353,0.1674259845823703,31,20591,Walking
1602,4,2026-08-30 12:17:35.960 +0200,12,0,0.2647765629602957,0.5380892538366567,25.690705383637987,2.2631962836548474,31,20604,Walking
1603,4,2026-08-30 12:17:36.960 +0200,13,0,0.26804392012578293,0.6890022162884859,28.466279634452505,3.5460218669161487,31,20616,Walking
1604,4,2026-08-30 12:17:37.960 +0200,12,0,0.2684121201748954,0.3995231291624789,30.142859097151206,4.916210864760422,31,20629,Walking
1605,4,2026-08-30 12:17:38.960 +0200,13,0,0.17271691218566249,0.3512819338431217,27.641729731193983,7.393531435832289,31,20641,Walking
1606,4,2026-08-30 12:17:39.960 +0200,12,0,0.12508131489910784,0.2408052108497082,25.72028482376155,10.00401131100189,31,20654,Walking
1607,4,2026-08-30 12:17:41.960 +0200,11,0,0.24660102106465176,0.4534259045736441,23.93097287721578,18.470596761529958,31,20694,Walking
1608,4,2026-08-30 12:17:42.960 +0200,13,0,0.5053640268928915,1.3901083763169186,29.516689858197324,14.42531363322712,31,20705,Trotting
1609,4,2026-08-30 12:17:43.960 +0200,12,0,0.3907201988603221,0.6884450796387982,41.285481390754214,11.250875416420863,31,20718,Walking
1610,4,2026-08-30 12:17:44.960 +0200,13,0,0.30957446341309086,0.5059548043866714,52.671162792617864,5.0438803672855705,31,20730,Walking
1611,4,2026-08-30 12:17:45.960 +0200,12,0,0.3777002467251585,0.6079932509607687,45.64499055770583,3.9192750784781314,31,20743,Walking
1612,4,2026-08-30 12:17:46.960 +0200,13,0,0.2328584047557096,0.44508536746892235,26.690691070570754,8.329805580839393,31,20755,Walking
1613,4,2026-08-30 12:17:47.960 +0200,12,0,0.09236457200596275,0.18018568250127848,14.465268626166823,11.584364527890592,31,20768,Lying chest
1614,4,2026-08-30 12:17:48.960 +0200,13,0,0.04984476085217366,0.0942640843934979,11.919545278433628,14.720696577185159,31,20780,Lying chest
1615,4,2026-08-30 12:17:49.960 +0200,12,0,0.06090777624971672,0.1109998029457955,10.219983656005665,15.105124549511501,31,20793,Lying chest
1616,4,2026-08-30 12:17:50.960 +0200,13,0,0.11933088123892113,0.22643583379559415,9.110962822453473,12.425583404745662,31,20805,Walking
1617,4,2026-08-30 12:17:51.960 +0200,12,0,0.05725034524472769,0.1444240551959079,7.812797713948299,7.710294492906056,31,20818,Standing
1618,4,2026-08-30 12:17:52.960 +0200,13,0,0.02284111975073735,0.03956451885743139,7.069107311227127,5.313375373959743,31,20830,Standing
1619,4,2026-08-30 12:17:53.960 +0200,12,0,0.05540596536100572,0.11300775036775508,7.882667428100625,5.449948460484337,31,20843,Standing
1620,4,2026-08-30 12:17:54.960 +0200,13,0,0.06884682903609853,0.1378327523918471,9.570491609407458,3.319594436876775,31,20855,Standing
1621,4,2026-08-30 12:17:55.960 +0200,12,0,0.24003892505633825,0.4699098053331096,9.715644367738953,-0.8027107081147022,31,20868,Walking
1622,4,2026-08-30 12:17:56.960 +0200,13,0,0.4209763691682127,0.6652538894057947,9.131951978845445,-2.2362703628865237,31,20880,Walking
1623,4,2026-08-30 12:17:57.960 +0200,12,0,0.41506630344016765,0.7195167056424756,12.574146860313155,2.4781951645158693,31,20893,Walking
1624,4,2026-08-30 12:17:58.960 +0200,13,0,0.3474124526100341,0.5662020506146608,15.924308819239192,10.596356436550584,31,20905,Walking
1625,4,2026-08-30 12:17:59.960 +0200,12,0,0.3174917264830275,0.5959270636810419,19.512634422132347,12.630231631576118,31,20918,Walking
1626,4,2026-08-30 12:18:00.960 +0200,13,0,0.364411185900322,0.622348596169473,24.071315140527282,10.325509025840072,31,20930,Walking
1627,4,2026-08-30 12:18:01.960 +0200,12,0,0.2315907544729793,0.3395320053197515,30.718718543285604,9.537846282217547,31,20943,Walking
1628,4,2026-08-30 12:18:02.960 +0200,13,0,0.26181792430834533,0.36380626194200955,41.321365201821976,8.110967519248144,31,20955,Walking
1629,4,2026-08-30 12:18:03.960 +0200,12,0,0.20669113501014721,0.42063406958586746,52.69742607622509,5.58082779653897,31,20968,Walking
1630,4,2026-08-30 12:18:04.960 +0200,13,0,0.09863439621199667,0.2294826051959757,60.47610983239708,3.0130619645336014,31,20980,Standing
1631,4,2026-08-30 12:18:05.960 +0200,12,0,0.057776404576909524,0.13876841268283238,62.76627723883948,1.953134191604146,31,20993,Standing
1632,4,2026-08-30 12:18:06.960 +0200,13,0,0.35431457012932877,0.8668535710101646,60.539400189288635,2.149682406888192,31,21005,Walking
1720,4,2026-08-30 12:19:33.960 +0200,13,0,0.6363552617509138,2.073136899394725,2.2443823694506797,25.197470524632983,33,22136,Trotting
1633,4,2026-08-30 12:18:07.960 +0200,11,0,0.7371249066694912,1.4434384538137113,1.2047316126575,10.269879755165944,32,21033,Trotting
1689,4,2026-08-30 12:19:01.960 +0200,13,0,0.035449494965329835,0.06534103873317333,-14.927104102510809,40.367683665677184,33,21722,Lying chest
1690,4,2026-08-30 12:19:02.960 +0200,12,0,0.045159426405188476,0.08067553924862629,-14.436712904615087,39.75040323858952,33,21735,Lying chest
1691,4,2026-08-30 12:19:03.960 +0200,13,0,0.0570225196013409,0.32356802351365066,-13.630768954504383,38.295718396998595,33,21747,Lying chest
1692,4,2026-08-30 12:19:04.960 +0200,12,0,0.7463140753555318,1.736183481246728,-13.975594919053997,32.18315929121922,33,21760,Trotting
1693,4,2026-08-30 12:19:05.960 +0200,13,0,0.8084001603007334,1.5463114092388848,-8.891711807231145,26.354098521881767,33,21772,Trotting
1694,4,2026-08-30 12:19:06.960 +0200,12,0,1.0615057210808552,1.8412229450838242,-0.9403172292276688,23.447069225588127,33,21785,Trotting
1695,4,2026-08-30 12:19:07.960 +0200,13,0,1.048655344704161,3.0115240500840597,5.57548434967505,20.307644182483465,33,21797,Trotting
1696,4,2026-08-30 12:19:08.960 +0200,12,0,0.8151929101591703,1.596167627582591,8.462862696719922,19.305766312932935,33,21810,Trotting
1697,4,2026-08-30 12:19:09.960 +0200,13,0,0.6691091367667237,1.0260651665463711,10.046681650188798,19.54986542075077,33,21822,Trotting
1698,4,2026-08-30 12:19:10.960 +0200,12,0,0.4417461506278577,0.8123690387673224,19.397988178266182,22.690764343227226,33,21835,Walking
1699,4,2026-08-30 12:19:11.960 +0200,13,0,0.46851763411684266,0.781498896112962,21.237871800668263,25.884672224736725,33,21847,Walking
1700,4,2026-08-30 12:19:12.960 +0200,12,0,0.3725515090451417,0.8201574884057574,14.03835267147476,25.04776177842989,33,21860,Walking
1701,4,2026-08-30 12:19:13.960 +0200,13,0,0.4942545902258225,0.8500453230891697,11.37538928635641,25.26923656765238,33,21872,Walking
1702,4,2026-08-30 12:19:14.960 +0200,12,0,0.4862029126355382,0.890942154119211,11.255369581742869,26.41509963437446,33,21885,Walking
1703,4,2026-08-30 12:19:15.960 +0200,13,0,0.5377189797278242,1.219650790135879,20.244770177680678,22.283352005265094,33,21897,Trotting
1704,4,2026-08-30 12:19:16.960 +0200,12,0,0.36775121198918614,0.5849408544694281,35.617640324705754,16.347055140301052,33,21910,Walking
1705,4,2026-08-30 12:19:17.960 +0200,13,0,0.24566171136940687,0.43892438409050183,44.27673290928499,10.329376412714051,33,21922,Walking
1706,4,2026-08-30 12:19:18.960 +0200,12,0,0.4220551966111025,0.8380054852771589,43.89123162787278,9.946503691917917,33,21935,Walking
1707,4,2026-08-30 12:19:19.960 +0200,13,0,0.3545087006086053,0.7283653676384805,38.24163945399589,10.359209791624899,33,21947,Walking
1708,4,2026-08-30 12:19:20.960 +0200,12,0,0.14952244332588197,0.22749495160087257,31.021823517830057,5.524446362826265,33,21960,Walking
1709,4,2026-08-30 12:19:21.960 +0200,13,0,0.1914722115660618,0.6370838814224304,25.743091252743266,2.6256460902624026,33,21972,Walking
1710,4,2026-08-30 12:19:22.960 +0200,12,0,0.7747851953607986,1.3253701184949283,17.008642793625416,5.0779473578687195,33,21985,Trotting
1711,4,2026-08-30 12:19:23.960 +0200,13,0,1.4529234611144763,3.4325045094005473,4.484739237725853,14.240945198972245,33,21997,Trotting
1712,4,2026-08-30 12:19:24.960 +0200,12,0,1.1583405691915027,2.9400408930675552,4.828703137454547,27.55181751870229,33,22010,Trotting
1713,4,2026-08-30 12:19:26.960 +0200,11,0,0.5398606179305446,1.1686687890936986,25.419894703942443,13.557616623631827,33,22050,Trotting
1714,4,2026-08-30 12:19:27.960 +0200,13,0,0.6254323332458254,1.14582076316965,21.99752651750816,21.9779507062115,33,22061,Trotting
1715,4,2026-08-30 12:19:28.960 +0200,12,0,0.5426108217916413,1.5949482332023406,23.55681920792489,24.49387218103328,33,22074,Trotting
1716,4,2026-08-30 12:19:29.960 +0200,13,0,0.357283589833227,0.5003268551837019,23.622801585830523,23.181134842018988,33,22086,Walking
1717,4,2026-08-30 12:19:30.960 +0200,12,0,0.5517475616963746,1.0961304873388846,20.102601504491457,19.626989776876577,33,22099,Trotting
1718,4,2026-08-30 12:19:31.960 +0200,13,0,0.5189664871668027,1.5290496676569418,13.803213111165064,23.959956382396317,33,22111,Trotting
1719,4,2026-08-30 12:19:32.960 +0200,12,0,0.5136264470906989,0.7679636311326513,2.8030730711216134,28.86039188255656,33,22124,Trotting
1721,4,2026-08-30 12:19:34.960 +0200,12,0,0.43661151894098765,0.9643599600493712,19.189519414158443,24.00268504907226,33,22149,Walking
1722,4,2026-08-30 12:19:35.960 +0200,13,0,0.3255007596417675,0.7208339332364917,24.233296433228173,30.03191334393246,33,22161,Walking
1723,4,2026-08-30 12:19:36.960 +0200,12,0,0.531280482739662,1.0655864051474655,21.012627388771868,28.498104535867807,33,22174,Trotting
1724,4,2026-08-30 12:19:37.960 +0200,13,0,0.4367493169505152,0.8448271179114197,16.25978781259196,20.719583438905037,33,22186,Walking
1725,4,2026-08-30 12:19:38.960 +0200,12,0,0.5434652902347334,1.5442242239091106,10.163917339453976,21.258855754738978,33,22199,Trotting
1657,4,2026-08-30 12:18:30.960 +0200,13,0,0.9809049024257661,2.1446773375401436,-19.724677697955578,20.02946480720343,32,21319,Trotting
1658,4,2026-08-30 12:18:31.960 +0200,12,0,1.00222216045696,2.9542366186521503,-14.141466526879805,24.217808323977863,32,21332,Trotting
1659,4,2026-08-30 12:18:32.960 +0200,13,0,1.1910092809642148,3.6878616413811534,-6.798216691769075,30.399440121697406,32,21344,Trotting
1660,4,2026-08-30 12:18:33.960 +0200,14,0,1.0156918322971935,5.00623800324492,-16.601163756891196,36.84783624537835,32,21357,Trotting
1661,4,2026-08-30 12:18:34.960 +0200,12,0,1.5333883309836152,3.6290655570234263,-13.66060238319878,24.582576935410163,32,21371,Trotting
1662,4,2026-08-30 12:18:35.960 +0200,13,0,1.428339302618586,3.292344742487367,-3.4903915556199108,30.27465601619958,32,21383,Trotting
1663,4,2026-08-30 12:18:36.960 +0200,12,0,1.2525580791321846,2.541212512836081,5.629902786079506,28.306741054158255,32,21396,Trotting
1664,4,2026-08-30 12:18:37.960 +0200,13,0,1.136696815355454,2.423078412510137,3.127046880193591,24.332273036464716,32,21408,Trotting
1665,4,2026-08-30 12:18:38.960 +0200,12,0,1.004613571440829,1.9026852683878843,-3.7390961258623534,33.403521514546696,32,21421,Trotting
1666,4,2026-08-30 12:18:39.960 +0200,13,0,1.1784581821517561,2.2019969392145855,-10.704405250537175,37.56906241922911,32,21433,Trotting
1667,4,2026-08-30 12:18:40.960 +0200,12,0,1.2469948649140863,2.7255534813168,-19.14919920579408,33.52549684315445,32,21446,Trotting
1668,4,2026-08-30 12:18:41.960 +0200,13,0,1.7996506030020116,4.506111972705457,-21.012556147273067,31.609681919214452,32,21458,Trotting
1669,4,2026-08-30 12:18:42.960 +0200,12,0,1.6755253668002312,3.6150228970344647,-16.442626612503712,33.80896593680211,32,21471,Trotting
1670,4,2026-08-30 12:18:43.960 +0200,13,0,1.413137726701964,4.846945436390124,5.206503117906859,26.017982054187094,32,21483,Trotting
1671,4,2026-08-30 12:18:44.960 +0200,12,0,1.2486543240112642,2.877768290583293,6.693484605278736,20.713712783662505,32,21496,Trotting
1672,4,2026-08-30 12:18:45.960 +0200,13,0,1.083616274933733,2.8732187158869147,2.9008581490750127,24.573496283799162,32,21508,Trotting
1673,4,2026-08-30 12:18:46.960 +0200,12,0,0.6989323704819413,1.380052552060503,4.590007342627873,31.216274383470722,32,21521,Trotting
1674,4,2026-08-30 12:18:47.960 +0200,13,0,0.2516183543845424,0.40978067212982966,-2.9492429130056883,40.53203033640863,32,21533,Lying chest
1675,4,2026-08-30 12:18:48.960 +0200,12,0,0.07445972970728809,0.12247173937015508,-12.759928042054746,42.02531898321558,32,21546,Lying chest
1676,4,2026-08-30 12:18:49.960 +0200,13,0,0.7079769809090397,2.1550300467547214,-14.003116412516295,36.44017194713207,32,21558,Trotting
1677,4,2026-08-30 12:18:50.960 +0200,12,0,0.3674477383747959,1.2346805467460489,-7.120519526382336,33.75326502879863,32,21571,Walking
1678,4,2026-08-30 12:18:51.960 +0200,13,0,0.20028776490088515,0.40445863869946563,-7.373940969088087,34.644874251506046,32,21583,Lying chest
1679,4,2026-08-30 12:18:52.960 +0200,12,0,0.10316174298012933,0.18226509679528918,-14.309775511358533,35.90065250303247,32,21596,Lying chest
1680,4,2026-08-30 12:18:53.960 +0200,13,0,0.055243180201772026,0.0957690334774692,-14.696212130640792,37.15751222298594,32,21608,Lying chest
1681,4,2026-08-30 12:18:54.960 +0200,12,0,0.0429831793205355,0.08428430741096563,-14.453603816494265,37.00673873028037,32,21621,Lying chest
1682,4,2026-08-30 12:18:55.960 +0200,13,0,0.043139110456236786,0.08117987922805144,-15.084705849707344,36.45570046779571,32,21633,Lying chest
1683,4,2026-08-30 12:18:56.960 +0200,12,0,0.07731310230024169,0.11933385709207202,-16.173367748039958,37.19985178287118,32,21646,Lying chest
1684,4,2026-08-30 12:18:57.960 +0200,13,0,0.07847405757384178,0.12393569856104916,-17.17097005321997,38.69388609413505,32,21658,Lying chest
1685,4,2026-08-30 12:18:58.960 +0200,12,0,0.7206332953032475,3.1546317290675585,-16.37181500308329,37.2738798052176,32,21671,Trotting
1686,4,2026-08-30 12:18:59.960 +0200,13,0,0.3577820478758996,1.299664719462903,-4.661458656747515,38.635219920004,32,21683,Walking
1795,4,2026-08-30 12:20:47.960 +0200,12,0,0.7458237534831867,1.3657295075764,14.014545509780985,13.141082882936558,35,23091,Trotting
1687,4,2026-08-30 12:19:00.960 +0200,11,0,0.028152980370504774,0.04757010842132265,-14.840473677759134,39.62734574210988,33,21711,Lying chest
1793,4,2026-08-30 12:20:45.960 +0200,12,0,0.7621363680318671,1.023563304833904,7.949056802311945,9.875158030462744,35,23066,Trotting
1794,4,2026-08-30 12:20:46.960 +0200,13,0,0.7058246826358663,1.1994160022455906,10.10526367148669,9.553056258837254,35,23078,Trotting
1796,4,2026-08-30 12:20:48.960 +0200,13,0,0.7106301134256747,1.0706098904186503,14.132240004862675,13.703282362540012,35,23103,Trotting
1797,4,2026-08-30 12:20:49.960 +0200,12,0,0.6155344765175367,1.314918116551172,14.649146737094826,11.863722502047182,35,23116,Trotting
1798,4,2026-08-30 12:20:50.960 +0200,13,0,0.4707972587618376,0.8346224048871814,17.03258312250654,6.601400892014946,35,23128,Walking
1799,4,2026-08-30 12:20:51.960 +0200,12,0,0.2748646816211037,0.5473861212287744,10.356333996338462,-1.8670424757714705,35,23141,Walking
1800,4,2026-08-30 12:20:52.960 +0200,13,0,0.31685394827033014,0.6083418845747088,5.008628762686361,-5.123525407793907,35,23153,Walking
1801,4,2026-08-30 12:20:53.960 +0200,12,0,0.5357770513570015,0.8446913723534025,10.872796555348094,0.30444731771171263,35,23166,Trotting
1802,4,2026-08-30 12:20:54.960 +0200,13,0,0.3160694159650603,0.49391820563062694,8.463670503500243,13.804676961228951,35,23178,Walking
1803,4,2026-08-30 12:20:55.960 +0200,12,0,0.3073178693139987,0.5310246451867372,1.0144552996644796,22.79997106331081,35,23191,Walking
1804,4,2026-08-30 12:20:56.960 +0200,13,0,0.26521366170702787,0.44542863810408184,3.5873767996493555,23.531897048907823,35,23203,Walking
1805,4,2026-08-30 12:20:57.960 +0200,12,0,0.32892522178251254,0.5931176297098689,5.431840963981217,20.78541521434553,35,23216,Walking
1806,4,2026-08-30 12:20:58.960 +0200,13,0,0.6744972429679913,1.0038874061804919,6.442129215816343,15.657224918988058,35,23228,Trotting
1807,4,2026-08-30 12:20:59.960 +0200,12,0,0.7672183454036617,2.0943424599867995,9.041929290268545,14.005027165276232,35,23241,Trotting
1808,4,2026-08-30 12:21:00.960 +0200,13,0,0.7519083625014216,1.2432790899024255,11.33682443535299,15.143044372774328,35,23253,Trotting
1809,4,2026-08-30 12:21:01.960 +0200,12,0,0.6933707185462556,1.0072417401140563,16.310428489043133,12.63429654584227,35,23266,Trotting
1810,4,2026-08-30 12:21:02.960 +0200,13,0,0.5780992296350689,1.0198364799220514,24.29659889901907,9.89743965920874,35,23278,Trotting
1811,4,2026-08-30 12:21:03.960 +0200,12,0,0.5276772240579368,0.9783865024187313,27.24102293046836,10.703491077369067,35,23291,Trotting
1812,4,2026-08-30 12:21:04.960 +0200,13,0,0.6187415026410973,1.447986750072508,25.890740245532818,12.837720370332066,35,23303,Trotting
1866,4,2026-08-30 12:21:58.960 +0200,13,0,0.3594185420760121,0.662502186807586,15.677463085308318,9.632473599021983,36,24006,Walking
1867,4,2026-08-30 12:21:59.960 +0200,12,0,0.3858719140309639,0.645454186150778,16.527640594108014,10.029671670302564,36,24019,Walking
1868,4,2026-08-30 12:22:00.960 +0200,13,0,0.3876430135216661,0.8694765897777946,15.312018824677029,7.545750245669254,36,24031,Walking
1869,4,2026-08-30 12:22:01.960 +0200,12,0,0.47510270970938967,0.7574999453132282,16.255379563058167,5.806589300921935,36,24044,Walking
1870,4,2026-08-30 12:22:03.960 +0200,11,0,0.40610239518781055,0.9317136050543323,12.811591710804707,7.683952277376715,36,24084,Walking
1871,4,2026-08-30 12:22:04.960 +0200,13,0,0.44893653968011826,1.1461102437338766,12.87886676835215,0.34980170164673363,36,24095,Walking
1872,4,2026-08-30 12:22:05.960 +0200,12,0,0.24284724787598413,0.48016865792149027,11.05680455465293,3.231453280061748,36,24108,Walking
1873,4,2026-08-30 12:22:06.960 +0200,13,0,0.38862122480135947,0.6803581023626065,11.992693352030859,8.789240477967638,36,24120,Walking
1874,4,2026-08-30 12:22:07.960 +0200,12,0,0.42740545414182374,0.7876409777594893,18.080953060083214,8.835112361933652,36,24133,Walking
1875,4,2026-08-30 12:22:08.960 +0200,13,0,0.41431291516047764,0.9086088691955756,17.463731524035936,7.647155275159552,36,24145,Walking
1726,4,2026-08-30 12:19:39.960 +0200,13,0,0.6785945374240167,1.2671962585993195,13.179834632898128,26.20524061762297,33,22211,Trotting
1727,4,2026-08-30 12:19:40.960 +0200,12,0,0.7168182803994463,1.2195755955748548,15.613656391155336,27.421431617159026,33,22224,Trotting
1728,4,2026-08-30 12:19:41.960 +0200,13,0,0.7108050048068869,1.4341248709223824,13.21308406531506,23.19443948339174,33,22236,Trotting
1729,4,2026-08-30 12:19:42.960 +0200,12,0,0.5062659768537049,0.9003875213238561,9.570158216632942,24.89094659809912,33,22249,Trotting
1730,4,2026-08-30 12:19:43.960 +0200,13,0,0.27074567586582643,0.4025297065695204,1.387788744072758,30.7833237634084,33,22261,Walking
1731,4,2026-08-30 12:19:44.960 +0200,12,0,0.44538381180566217,0.8386766842551855,-1.6885174122536313,28.189370534905787,33,22274,Walking
1732,4,2026-08-30 12:19:45.960 +0200,13,0,0.17411143299621581,0.36777824265009523,2.054135918887318,27.25088584068002,33,22286,Walking
1733,4,2026-08-30 12:19:46.960 +0200,12,0,0.3895477272397832,0.5962462638442027,0.6576703388391626,26.241812531519557,33,22299,Walking
1734,4,2026-08-30 12:19:47.960 +0200,13,0,0.4122797359614501,0.7164628954575106,4.0774132737107385,24.35174856279034,33,22311,Walking
1735,4,2026-08-30 12:19:48.960 +0200,12,0,0.500351356105077,0.8658962101558568,12.950788846235277,24.01837015776587,33,22324,Walking
1736,4,2026-08-30 12:19:49.960 +0200,13,0,0.5238378394741634,1.128998407592529,20.75346244680462,19.45144717419449,33,22336,Trotting
1737,4,2026-08-30 12:19:50.960 +0200,12,0,0.541543848745194,0.9758766828771432,20.15437361314368,18.764596965162255,33,22349,Trotting
1738,4,2026-08-30 12:19:51.960 +0200,13,0,0.5794321623549147,1.2393439829778594,20.494353125329404,21.593535665249608,33,22361,Trotting
1971,4,2026-08-30 12:23:43.960 +0200,13,0,0.3851620774284964,0.5499671299605604,32.4666289694454,1.1151641226891327,38,25362,Walking
1739,4,2026-08-30 12:19:52.960 +0200,11,0,0.31975516982957,0.885439980374131,22.088382752586345,19.529873988518975,34,22389,Walking
1951,4,2026-08-30 12:23:23.960 +0200,13,0,0.4932488501681196,0.8144826219116673,19.514125075678717,1.112678764538651,38,25112,Trotting
1952,4,2026-08-30 12:23:24.960 +0200,12,0,0.44016233363956053,0.7418708775766529,16.31125981529921,3.837782458634054,38,25125,Walking
1953,4,2026-08-30 12:23:25.960 +0200,13,0,0.5975319371524072,1.014666183489788,14.594439230112224,3.52970431598935,38,25137,Trotting
1954,4,2026-08-30 12:23:26.960 +0200,12,0,0.5381275797905899,1.4281040236270222,17.701652141452012,2.728713133873285,38,25150,Trotting
1955,4,2026-08-30 12:23:27.960 +0200,13,0,0.4481058940966822,1.0928727653953538,26.227431147031073,2.5295549944901734,38,25162,Walking
1956,4,2026-08-30 12:23:28.960 +0200,12,0,0.18416680000142036,0.3971060727777843,32.96951193796173,-0.14211813539914941,38,25175,Walking
1957,4,2026-08-30 12:23:29.960 +0200,13,0,0.24095128238761457,0.4271534726893104,34.10414693276841,-2.6375339148732406,38,25187,Walking
1958,4,2026-08-30 12:23:30.960 +0200,12,0,0.20954770336562897,0.3519526813262955,33.121601603673184,-2.9838963815961,38,25200,Walking
1959,4,2026-08-30 12:23:31.960 +0200,13,0,0.19875535005676753,0.337625782239418,33.54409550791535,-2.111631909531219,38,25212,Walking
1960,4,2026-08-30 12:23:32.960 +0200,12,0,0.3436472360761425,0.6951071918794632,31.79778020801797,-0.7784088770861528,38,25225,Walking
1961,4,2026-08-30 12:23:33.960 +0200,13,0,0.5558352700079795,1.1075860434189442,20.93470158282742,4.700321385008508,38,25237,Trotting
1962,4,2026-08-30 12:23:34.960 +0200,12,0,0.4713773202264397,0.7118605706859995,11.978767962573285,7.71027783634218,38,25250,Walking
1963,4,2026-08-30 12:23:35.960 +0200,13,0,0.5442928796449047,1.1715325775965215,16.055771140601852,6.053129681565431,38,25262,Trotting
1964,4,2026-08-30 12:23:36.960 +0200,12,0,0.4359772986574699,0.8418159020488472,21.351575048666913,4.62038644049528,38,25275,Walking
1965,4,2026-08-30 12:23:37.960 +0200,13,0,0.42938580442113605,0.8372661103708765,23.915789967013502,5.199188269433099,38,25287,Walking
1966,4,2026-08-30 12:23:38.960 +0200,12,0,0.3252527371676723,0.5484851650163558,30.754913844916306,4.012011993075605,38,25300,Walking
1967,4,2026-08-30 12:23:39.960 +0200,13,0,0.31142787816574385,0.5878290306293821,30.89825084687963,1.1497117732080737,38,25312,Walking
1968,4,2026-08-30 12:23:40.960 +0200,12,0,0.27064968106774384,0.3828600501598761,30.40881418081312,1.0545906936241747,38,25325,Walking
1969,4,2026-08-30 12:23:41.960 +0200,13,0,0.2837237565038472,0.5744710525626749,37.0661761466874,-1.0652343175979437,38,25337,Walking
1970,4,2026-08-30 12:23:42.960 +0200,12,0,0.3823832253827984,0.8986704054565673,35.55349498270721,-0.6974395543543866,38,25350,Walking
1972,4,2026-08-30 12:23:44.960 +0200,12,0,0.29490648994489865,0.49605631613484685,40.009598689779644,0.0069636733472592804,38,25375,Walking
1973,4,2026-08-30 12:23:45.960 +0200,13,0,0.3358629999055032,0.6766453481962345,40.05495761447979,-0.526866992073868,38,25387,Walking
1974,4,2026-08-30 12:23:46.960 +0200,12,0,0.29379792190163617,0.589327131857795,34.085186629819326,-2.868736017485937,38,25400,Walking
1975,4,2026-08-30 12:23:48.960 +0200,11,0,0.4171307325909698,0.7241712011598066,15.506019067961164,13.085959918574254,38,25440,Walking
1976,4,2026-08-30 12:23:49.960 +0200,13,0,0.327790555514935,0.6403694929500489,18.987289707618693,4.782540762157304,38,25451,Walking
1977,4,2026-08-30 12:23:50.960 +0200,12,0,0.5492457432216842,1.2889918577500823,21.689468170798435,3.6454090664722387,38,25464,Trotting
1978,4,2026-08-30 12:23:51.960 +0200,13,0,0.5593909018960851,0.9707569778210263,18.92993675834423,5.828453472454341,38,25476,Trotting
1979,4,2026-08-30 12:23:52.960 +0200,12,0,0.5095817432446932,0.7671194078951156,12.018414423663222,8.945194095270365,38,25489,Trotting
1980,4,2026-08-30 12:23:53.960 +0200,13,0,0.5327581626250278,1.0285783223283498,10.484627649555383,13.690434510297042,38,25501,Trotting
1981,4,2026-08-30 12:23:54.960 +0200,12,0,0.5606183684077553,0.848345153180714,14.916622566820115,12.509382805298317,38,25514,Trotting
1759,4,2026-08-30 12:20:11.960 +0200,13,0,0.48721483196654297,0.9839455035362163,28.603765574685536,20.857137240340087,34,22625,Walking
1760,4,2026-08-30 12:20:12.960 +0200,12,0,0.47244928852314244,0.7801912903513716,26.688173769556357,20.534912293277173,34,22638,Walking
1761,4,2026-08-30 12:20:13.960 +0200,13,0,0.36090096930892884,0.6347948823072637,23.370610094813266,23.508331308793743,34,22650,Walking
1762,4,2026-08-30 12:20:14.960 +0200,12,0,0.26310776545692743,0.4595397438683323,26.53719118075125,23.625556766851883,34,22663,Walking
1763,4,2026-08-30 12:20:15.960 +0200,13,0,0.2926298549188468,0.5483770938874184,25.645521618008583,23.559968015540864,34,22675,Walking
1764,4,2026-08-30 12:20:16.960 +0200,12,0,0.2937272087288578,0.42244789843425384,23.043787438060026,22.492727629057594,34,22688,Walking
1765,4,2026-08-30 12:20:18.960 +0200,11,0,0.28457988176722165,0.5766508987006145,26.05351298267316,12.42662061921586,34,22728,Walking
1766,4,2026-08-30 12:20:19.960 +0200,13,0,0.2779264826195338,0.5905197058387822,26.952291602280543,16.50302001197145,34,22739,Walking
1767,4,2026-08-30 12:20:20.960 +0200,12,0,0.2306156846028098,0.5022590286692779,29.47236784296003,15.873518771628921,34,22752,Walking
1768,4,2026-08-30 12:20:21.960 +0200,13,0,0.3497955830107922,0.7700024404270339,30.038595456904975,14.992975829515899,34,22764,Walking
1769,4,2026-08-30 12:20:22.960 +0200,12,0,0.24221006906474904,0.366873304795308,21.9562936808148,14.378048698718908,34,22777,Walking
1770,4,2026-08-30 12:20:23.960 +0200,13,0,0.582100053701709,1.0519605350906245,8.874688513595528,15.059434021339817,34,22789,Trotting
1771,4,2026-08-30 12:20:24.960 +0200,12,0,0.3231864605543177,0.648414082630563,3.482403885250347,17.824137272706768,34,22802,Walking
1772,4,2026-08-30 12:20:25.960 +0200,13,0,0.3277599533419459,0.5294136480255069,6.1167957672348905,17.18157500624539,34,22814,Walking
1773,4,2026-08-30 12:20:26.960 +0200,12,0,0.513163799511173,0.7967236334409225,8.358102431446062,23.066875982754336,34,22827,Trotting
1774,4,2026-08-30 12:20:27.960 +0200,13,0,0.7429054547306913,1.605811499778137,8.285048614405104,26.251251567659892,34,22839,Trotting
1775,4,2026-08-30 12:20:28.960 +0200,12,0,0.6926434811813492,1.1732131688311112,9.336142406488154,23.912850564274624,34,22852,Trotting
1776,4,2026-08-30 12:20:29.960 +0200,13,0,0.8478088393742481,1.5412412340761066,17.765775779902345,22.879871132044304,34,22864,Trotting
1777,4,2026-08-30 12:20:30.960 +0200,12,0,0.49572975664075186,0.9230170596840994,27.100993959709808,19.124005382143874,34,22877,Walking
1778,4,2026-08-30 12:20:31.960 +0200,13,0,0.36845840786020223,0.7445553674944639,30.82668444254605,18.916997177670627,34,22889,Walking
1779,4,2026-08-30 12:20:32.960 +0200,12,0,0.5591804357011987,0.9552525256856571,28.22543965248742,19.878155084444966,34,22902,Trotting
1780,4,2026-08-30 12:20:33.960 +0200,13,0,0.4992968655973908,1.1251418802122204,20.445836892218246,19.505280441716085,34,22914,Trotting
1781,4,2026-08-30 12:20:34.960 +0200,12,0,0.5724182502646503,1.055492315970948,14.429213505656058,20.557675678230193,34,22927,Trotting
1782,4,2026-08-30 12:20:35.960 +0200,13,0,0.6646090963677589,1.4500233923570753,9.61156558161159,22.765981263622635,34,22939,Trotting
1783,4,2026-08-30 12:20:36.960 +0200,12,0,0.5124877760353438,0.8331395089158865,7.017187687110248,24.477487204756155,34,22952,Trotting
1784,4,2026-08-30 12:20:37.960 +0200,13,0,0.3987942161641704,0.854563185178278,9.754933413785793,24.81469733791366,34,22964,Walking
1785,4,2026-08-30 12:20:38.960 +0200,12,0,0.2829177216795395,0.4888145043717702,9.72317852309404,21.845995516215883,34,22977,Walking
1786,4,2026-08-30 12:20:39.960 +0200,13,0,0.26889139592635014,0.49318309403059896,6.060277800810665,20.981650473701674,34,22989,Walking
1787,4,2026-08-30 12:20:40.960 +0200,12,0,0.21811095061052554,0.46042519276982524,4.898198055472793,24.827144357059506,34,23002,Walking
1788,4,2026-08-30 12:20:41.960 +0200,13,0,0.2122961513277137,0.2937383121032021,3.907554408348709,25.50699476423591,34,23014,Walking
1789,4,2026-08-30 12:20:42.960 +0200,12,0,0.4357082471498937,0.7517028357328358,-2.4638339259376245,24.13815649782913,34,23027,Walking
1790,4,2026-08-30 12:20:43.960 +0200,13,0,0.5315123520493068,0.9827174688586777,-4.788712940093772,22.14289661955945,34,23039,Trotting
2057,4,2026-08-30 12:25:09.960 +0200,12,0,0.08993556030991158,0.1403505163368754,-4.295273478023344,19.057650443215106,40,26481,Lying chest
1791,4,2026-08-30 12:20:44.960 +0200,14,0,0.6072966223232003,0.8856011919067204,9.441429731159328,10.935925157936373,35,23052,Trotting
2056,4,2026-08-30 12:25:08.960 +0200,13,0,0.06629985243273095,0.13560915182630315,-3.4030164516266725,16.254408754900872,40,26468,Lying chest
2058,4,2026-08-30 12:25:10.960 +0200,13,0,0.06168639640254879,0.12658748700298258,-4.7514998936553745,22.276187602948255,40,26493,Lying chest
2059,4,2026-08-30 12:25:11.960 +0200,12,0,0.07466965908439524,0.1427770210787013,-5.3213333025313165,23.249945359563622,40,26506,Lying chest
2060,4,2026-08-30 12:25:12.960 +0200,13,0,0.04737203132764797,0.14588872188304502,-5.818837232840263,21.325014088492086,40,26518,Lying chest
2061,4,2026-08-30 12:25:13.960 +0200,12,0,0.09101108780858978,0.17364900706990652,-6.7996375507412345,21.41943501644586,40,26531,Lying chest
2062,4,2026-08-30 12:25:14.960 +0200,13,0,0.14499562402713792,0.2721847035628976,-5.695076567271752,22.14720987809403,40,26543,Lying chest
2063,4,2026-08-30 12:25:15.960 +0200,12,0,0.1603224475804246,0.29976783133244855,-5.4760414994142765,19.863325982698107,40,26556,Walking
2064,4,2026-08-30 12:25:16.960 +0200,13,0,0.35377142420127455,0.6003405459086512,-4.879631489087294,16.560935323440745,40,26568,Walking
2065,4,2026-08-30 12:25:17.960 +0200,12,0,0.22708684952450042,0.31499193627768896,2.112764370362617,16.43583114718774,40,26581,Walking
2066,4,2026-08-30 12:25:18.960 +0200,13,0,0.23917394738585462,0.4107552116386143,1.7770233703811953,20.2677856984824,40,26593,Walking
2067,4,2026-08-30 12:25:19.960 +0200,12,0,0.10301213528950981,0.17885656448146256,-7.250541660196661,25.12908842491186,40,26606,Lying chest
2068,4,2026-08-30 12:25:20.960 +0200,13,0,0.11067361074183697,0.34399493660222186,-11.264875686110923,28.273823812984173,40,26618,Lying chest
2069,4,2026-08-30 12:25:21.960 +0200,12,0,0.28076835752448853,0.5892902901979611,-11.18876832249881,25.328649139085144,40,26631,Walking
2070,4,2026-08-30 12:25:22.960 +0200,13,0,0.33933800189321484,0.5335256209661088,-4.050019816683816,19.100248614708434,40,26643,Walking
2071,4,2026-08-30 12:25:23.960 +0200,12,0,0.29652887902029895,0.5081736912688594,6.322894495308231,16.660284027911775,40,26656,Walking
2072,4,2026-08-30 12:25:24.960 +0200,13,0,0.29977316199595255,0.6857770853183408,14.53774986663094,18.527025169239106,40,26668,Walking
2073,4,2026-08-30 12:25:25.960 +0200,12,0,0.3123031076847119,0.4603182965682161,19.144282900155414,20.767315389840793,40,26681,Walking
2074,4,2026-08-30 12:25:26.960 +0200,13,0,0.3252870367527549,0.5715916421884868,18.425152803311605,23.348191075659564,40,26693,Walking
2075,4,2026-08-30 12:25:27.960 +0200,12,0,0.32224310553611596,0.6131488094120433,16.056988042257455,21.595571579235337,40,26706,Walking
1813,4,2026-08-30 12:21:05.960 +0200,12,0,0.47671818473083816,0.9862024053661672,26.1854237487902,13.48742588714928,35,23316,Walking
1814,4,2026-08-30 12:21:06.960 +0200,13,0,0.3587486829808232,0.6638452439481929,23.698912430008615,11.139025360569066,35,23328,Walking
1815,4,2026-08-30 12:21:07.960 +0200,12,0,0.46197315301261416,0.6872811076831405,21.64374344508987,8.112927836403303,35,23341,Walking
1816,4,2026-08-30 12:21:08.960 +0200,13,0,0.5202668672848776,1.209911979378165,23.37908062979221,9.344118280545297,35,23353,Trotting
1817,4,2026-08-30 12:21:09.960 +0200,12,0,0.6167526473853004,1.0560477865765117,22.95496622771275,10.644765525370447,35,23366,Trotting
1818,4,2026-08-30 12:21:11.960 +0200,11,0,0.40675852920262245,0.6931300602342075,25.794334430627032,13.923706367070638,35,23406,Walking
1819,4,2026-08-30 12:21:12.960 +0200,13,0,0.2998212856623497,0.5770649152864507,21.957975716540222,11.732608305462394,35,23417,Walking
1820,4,2026-08-30 12:21:13.960 +0200,12,0,0.3223123719015199,0.5858358819150046,22.276882291528267,9.037354404508163,35,23430,Walking
1821,4,2026-08-30 12:21:14.960 +0200,13,0,0.3146897153086705,0.7088730029691988,24.92660085819634,4.370714614691945,35,23442,Walking
1822,4,2026-08-30 12:21:15.960 +0200,12,0,0.36862949192327404,0.6936401154553183,27.955559056888493,1.6059946995005907,35,23455,Walking
1823,4,2026-08-30 12:21:16.960 +0200,13,0,0.31871648001107233,0.7279099097772593,32.66931831773631,2.6303579077344446,35,23467,Walking
1824,4,2026-08-30 12:21:17.960 +0200,12,0,0.2991805752706715,0.49029428464023567,34.37590711571312,3.154453436921395,35,23480,Walking
1825,4,2026-08-30 12:21:18.960 +0200,13,0,0.273810837158681,0.5268094327907268,28.921588974560695,4.4708427673033775,35,23492,Walking
1826,4,2026-08-30 12:21:19.960 +0200,12,0,0.2692702518175994,0.45408861220403135,26.24491898315688,6.699158967700537,35,23505,Walking
1827,4,2026-08-30 12:21:20.960 +0200,13,0,0.2779656713439642,0.7012660379496757,26.315064447603554,8.03309900715711,35,23517,Walking
1828,4,2026-08-30 12:21:21.960 +0200,12,0,0.29776581743588326,0.5727632561352212,20.88659230102795,10.460811029587154,35,23530,Walking
1829,4,2026-08-30 12:21:22.960 +0200,13,0,0.3173264113203806,0.4994794712430352,16.22718097708419,10.76792214389323,35,23542,Walking
1830,4,2026-08-30 12:21:23.960 +0200,12,0,0.26976731349244015,0.5027680667474455,20.84606023059361,9.657043342653273,35,23555,Walking
1831,4,2026-08-30 12:21:24.960 +0200,13,0,0.31352231059958885,0.4596182184504935,25.178000229567736,13.196071467768856,35,23567,Walking
1832,4,2026-08-30 12:21:25.960 +0200,12,0,0.13096522526636026,0.24807314126624375,25.153117370061878,17.539066156642804,35,23580,Walking
1833,4,2026-08-30 12:21:26.960 +0200,13,0,0.3860774233752275,0.6517064103664246,21.194698780982115,15.40389847885357,35,23592,Walking
1834,4,2026-08-30 12:21:27.960 +0200,12,0,0.4463122860798067,0.8254174930443848,12.487376133560995,9.683532372728273,35,23605,Walking
1835,4,2026-08-30 12:21:28.960 +0200,13,0,0.49602370226011505,1.0771809854357488,11.091191632999442,7.481908243156616,35,23617,Trotting
1836,4,2026-08-30 12:21:29.960 +0200,12,0,0.6377830160578812,1.214949768140656,14.303646537809497,12.05285794078633,35,23630,Trotting
1837,4,2026-08-30 12:21:30.960 +0200,13,0,0.5722039491086527,1.0377592986914126,16.494282261252298,16.746576172789876,35,23642,Trotting
1838,4,2026-08-30 12:21:31.960 +0200,12,0,0.6638343571543552,1.074882535028115,14.889679610727194,14.141147509049853,35,23655,Trotting
1839,4,2026-08-30 12:21:32.960 +0200,13,0,0.5083966002477778,0.8564984699520646,12.893064733327524,10.151009018483794,35,23667,Trotting
1840,4,2026-08-30 12:21:33.960 +0200,12,0,0.5634706299922394,1.1219996576890916,10.217443680084196,9.705712776718878,35,23680,Trotting
1841,4,2026-08-30 12:21:34.960 +0200,13,0,0.470638873732377,0.7570119704241157,7.089030823200796,10.287606283242095,35,23692,Walking
1842,4,2026-08-30 12:21:35.960 +0200,12,0,0.538131406255154,0.7358833237163155,9.806376602482873,12.333560038021956,35,23705,Trotting
1843,4,2026-08-30 12:21:36.960 +0200,13,0,0.5298093183098997,0.8748238466604439,11.252944090676312,12.738266178672715,35,23717,Trotting
1844,4,2026-08-30 12:21:37.960 +0200,11,0,0.4475492452023056,0.7635680114760063,9.247488294728562,0.5040690250071228,36,23745,Walking
1846,4,2026-08-30 12:21:38.960 +0200,13,0,0.5462634783673898,0.8200004011205095,13.879012199206546,7.676963022802046,36,23756,Trotting
1847,4,2026-08-30 12:21:39.960 +0200,12,0,0.48397130935559823,1.0491270671334612,15.653557808593533,10.155610315258995,36,23769,Trotting
1848,4,2026-08-30 12:21:40.960 +0200,13,0,0.5175127558574274,0.7560255794455187,15.696905228419565,11.83277337667741,36,23781,Trotting
1849,4,2026-08-30 12:21:41.960 +0200,12,0,0.5045437996598824,1.0005678818201904,17.588963169886167,12.252470938448587,36,23794,Trotting
1850,4,2026-08-30 12:21:42.960 +0200,13,0,0.4937457738163297,0.876624759360182,19.231149990369158,12.183489493215822,36,23806,Trotting
1851,4,2026-08-30 12:21:43.960 +0200,12,0,0.39301430188104686,0.6865293025454041,17.771895920276933,10.101488048816082,36,23819,Walking
1852,4,2026-08-30 12:21:44.960 +0200,13,0,0.44241974530393147,0.8129425692590502,16.33579722814405,10.1287664592376,36,23831,Walking
1853,4,2026-08-30 12:21:45.960 +0200,12,0,0.3710568422060767,0.7084934425225528,15.843796865142266,10.462171615506515,36,23844,Walking
1854,4,2026-08-30 12:21:46.960 +0200,13,0,0.29416108065055735,0.6544195405216993,17.615598188138094,7.8336644207019805,36,23856,Walking
1855,4,2026-08-30 12:21:47.960 +0200,12,0,0.308346557173113,0.4634677578185823,17.522903644890537,7.084399432353339,36,23869,Walking
1856,4,2026-08-30 12:21:48.960 +0200,13,0,0.32698900996319674,0.5567850165872669,15.912352535279902,7.593386386566698,36,23881,Walking
1857,4,2026-08-30 12:21:49.960 +0200,12,0,0.36859659397987127,0.6106340721768347,19.061501710084123,6.981639724026336,36,23894,Walking
1858,4,2026-08-30 12:21:50.960 +0200,13,0,0.2852278130271173,0.45751841328259385,21.711776161225202,7.105899125695154,36,23906,Walking
1859,4,2026-08-30 12:21:51.960 +0200,12,0,0.2686022814158122,0.48512762740224036,19.447219138523526,7.918976481563292,36,23919,Walking
1860,4,2026-08-30 12:21:52.960 +0200,13,0,0.3457417240819216,0.5282907435126319,16.30621534277993,7.922065025765026,36,23931,Walking
1861,4,2026-08-30 12:21:53.960 +0200,12,0,0.2944983271098468,0.46837962675494527,16.517048083656928,8.36153665900276,36,23944,Walking
1862,4,2026-08-30 12:21:54.960 +0200,13,0,0.3450514194265747,0.5282387460411604,16.80636117487513,8.594214516744952,36,23956,Walking
1863,4,2026-08-30 12:21:55.960 +0200,12,0,0.36196312725297336,0.6339766570706765,14.559995994379966,10.572668600967075,36,23969,Walking
1864,4,2026-08-30 12:21:56.960 +0200,13,0,0.4248779252694924,0.7116094216250255,13.810432571130907,11.094436846197251,36,23981,Walking
1865,4,2026-08-30 12:21:57.960 +0200,12,0,0.35286597953188975,0.6477068990636509,14.432623989651084,9.925245400638596,36,23994,Walking
1876,4,2026-08-30 12:22:09.960 +0200,12,0,0.3811242954954423,0.6374406990818537,13.172185122345027,6.222472477849944,36,24158,Walking
1877,4,2026-08-30 12:22:10.960 +0200,13,0,0.38716624331211996,0.6269127026227698,13.031985611382343,8.04007274605556,36,24170,Walking
1878,4,2026-08-30 12:22:11.960 +0200,12,0,0.29225025819961853,0.6772894855836896,8.188683859698653,11.09615076533659,36,24183,Walking
1879,4,2026-08-30 12:22:12.960 +0200,13,0,0.31946687238886323,0.5713764860742673,6.006363914719153,11.140245724832367,36,24195,Walking
1880,4,2026-08-30 12:22:13.960 +0200,12,0,0.44380932437347903,0.7150198350836068,13.827449859121094,9.793457503195873,36,24208,Walking
1881,4,2026-08-30 12:22:14.960 +0200,13,0,0.36779107676531125,0.6613684593739558,25.00161083139623,7.121898469304943,36,24220,Walking
1882,4,2026-08-30 12:22:15.960 +0200,12,0,0.2757981756657619,0.5495392453824385,31.19009872164588,4.286054078229851,36,24233,Walking
1883,4,2026-08-30 12:22:16.960 +0200,13,0,0.29913345620936244,0.6906488876181648,29.322028921522264,3.9265410662141984,36,24245,Walking
1884,4,2026-08-30 12:22:17.960 +0200,12,0,0.2557793169096017,0.6721706195486955,23.02694477007492,4.205885228756636,36,24258,Walking
1885,4,2026-08-30 12:22:18.960 +0200,13,0,0.3074021019839393,0.5611941673442691,17.99323480557729,4.411105940642396,36,24270,Walking
1886,4,2026-08-30 12:22:19.960 +0200,12,0,0.295979712625171,0.5233713911071944,14.514256938088371,3.4098371412554016,36,24283,Walking
1887,4,2026-08-30 12:22:20.960 +0200,13,0,0.15440911944520483,0.35636639072371373,10.114021320299909,1.5356314905917006,36,24295,Walking
1888,4,2026-08-30 12:22:21.960 +0200,12,0,0.1852337558858291,0.3192058799640077,7.231270109830594,4.985796403307149,36,24308,Walking
1889,4,2026-08-30 12:22:22.960 +0200,13,0,0.17424907647608442,0.34163129534261605,3.683290628763016,4.232200367958712,36,24320,Walking
1890,4,2026-08-30 12:22:23.960 +0200,12,0,0.08730866704914723,0.1405289578003805,0.15929136924912088,0.19995515935921318,36,24333,Standing
1891,4,2026-08-30 12:22:24.960 +0200,13,0,0.17825726226978306,0.32714299366535254,-1.3865931040800665,3.8359776310621383,36,24345,Walking
1892,4,2026-08-30 12:22:25.960 +0200,12,0,0.36588919018528365,0.9085344561239908,-1.5212522686892525,8.628752509134213,36,24358,Walking
1893,4,2026-08-30 12:22:26.960 +0200,13,0,0.57328420088454,0.8195761919672072,1.7692917651963473,8.948965878985375,36,24370,Trotting
1894,4,2026-08-30 12:22:27.960 +0200,12,0,0.39064238672410934,0.7103033766221447,7.39415155577997,6.81646178823263,36,24383,Walking
1895,4,2026-08-30 12:22:28.960 +0200,13,0,0.289133787959138,0.548282332311928,9.075178347195871,4.757698863115538,36,24395,Walking
1896,4,2026-08-30 12:22:29.960 +0200,14,0,0.2810360884598982,0.6372229126525981,1.145767842335529,0.31116427742138963,37,24408,Walking
1898,4,2026-08-30 12:22:30.960 +0200,12,0,0.3412912515119925,0.5515092570019193,4.947425576579358,3.472647341307605,37,24422,Walking
1899,4,2026-08-30 12:22:31.960 +0200,13,0,0.34951739396184345,0.701004040910499,10.36226196001441,3.699890172513982,37,24434,Walking
1900,4,2026-08-30 12:22:32.960 +0200,12,0,0.37117659058155067,0.7511405210175333,11.844873151312285,1.6975968587325208,37,24447,Walking
1901,4,2026-08-30 12:22:33.960 +0200,13,0,0.3286557620034508,0.617605518908561,9.980377785641805,2.7865772519088376,37,24459,Walking
1902,4,2026-08-30 12:22:34.960 +0200,12,0,0.43234941138266336,1.0667479918045084,11.253179584484691,5.494067402881427,37,24472,Walking
1903,4,2026-08-30 12:22:35.960 +0200,13,0,0.43965361983497847,0.8355107663178319,14.298539782140088,3.0021489246801965,37,24484,Walking
1904,4,2026-08-30 12:22:36.960 +0200,12,0,0.4132500341292404,0.6328096141608098,11.887722090250868,1.0745841720528564,37,24497,Walking
1905,4,2026-08-30 12:22:37.960 +0200,13,0,0.520238371234875,0.7281399890519267,10.252365222101899,7.564479456358535,37,24509,Trotting
1906,4,2026-08-30 12:22:38.960 +0200,12,0,0.44661598648700557,0.7321473936362397,18.25752647046998,12.707643787900087,37,24522,Walking
1907,4,2026-08-30 12:22:39.960 +0200,13,0,0.3177388100025277,0.5747720901936596,20.02274339585781,10.316980125253632,37,24534,Walking
1908,4,2026-08-30 12:22:40.960 +0200,12,0,0.2862767778050072,0.5479236146053639,14.543578480403225,8.947827145617707,37,24547,Walking
1909,4,2026-08-30 12:22:41.960 +0200,13,0,0.4015089335353789,0.864490218272118,13.83573795719377,4.582548494342806,37,24559,Walking
1910,4,2026-08-30 12:22:42.960 +0200,12,0,0.3466766062553352,0.4407117347843291,14.278734250241724,-0.36401549170054776,37,24572,Walking
1911,4,2026-08-30 12:22:43.960 +0200,13,0,0.3957660973331582,0.5698255795342444,15.341077280993886,2.1237463267507284,37,24584,Walking
1912,4,2026-08-30 12:22:44.960 +0200,12,0,0.26347347424519724,0.6646211383155671,19.497742045309934,4.294446923495246,37,24597,Walking
1913,4,2026-08-30 12:22:45.960 +0200,13,0,0.33853707805358,0.6786735882435021,22.024234908694908,2.141015101933264,37,24609,Walking
1914,4,2026-08-30 12:22:46.960 +0200,12,0,0.3750209521140821,0.6882850167629296,18.041921535444725,0.31069212462539836,37,24622,Walking
1915,4,2026-08-30 12:22:47.960 +0200,13,0,0.5406320607580155,1.0533250471108084,15.610844880969434,0.7160826378320172,37,24634,Trotting
1916,4,2026-08-30 12:22:48.960 +0200,12,0,0.27899768223606886,0.515423537691411,13.909629626210886,3.3823401888583287,37,24647,Walking
1917,4,2026-08-30 12:22:49.960 +0200,13,0,0.31222189788869703,0.6027597184752495,9.705338468964689,5.148871685189127,37,24659,Walking
1918,4,2026-08-30 12:22:50.960 +0200,12,0,0.4262079745007275,1.0138245974586122,12.480261225117102,1.717614856161542,37,24672,Walking
1919,4,2026-08-30 12:22:51.960 +0200,13,0,0.33308482954745683,0.6135515992850766,15.740674903632558,-1.0128306025946985,37,24684,Walking
1920,4,2026-08-30 12:22:52.960 +0200,12,0,0.3462011480494697,0.5206103954121428,15.204282141963583,1.3967868861836255,37,24697,Walking
1921,4,2026-08-30 12:22:53.960 +0200,13,0,0.39935302174492915,0.6227667480790927,16.07374782523183,2.3026771790781537,37,24709,Walking
1922,4,2026-08-30 12:22:54.960 +0200,12,0,0.42580307626327224,0.7164575501256776,28.320336402162138,-1.3736266127489067,37,24722,Walking
1923,4,2026-08-30 12:22:56.960 +0200,11,0,0.3905250148010314,0.6955895798697539,17.153943222988445,7.602078490673878,37,24762,Walking
1924,4,2026-08-30 12:22:57.960 +0200,13,0,0.4888712748712104,0.9770305237137885,24.11926373357509,2.428915044896129,37,24773,Trotting
1925,4,2026-08-30 12:22:58.960 +0200,12,0,0.16351721225845928,0.30223904466928886,31.422382060747058,-2.6008556960815716,37,24786,Walking
1926,4,2026-08-30 12:22:59.960 +0200,13,0,0.2516832445649143,0.5143141036760187,34.323227295259805,-7.030816155202936,37,24798,Walking
1927,4,2026-08-30 12:23:00.960 +0200,12,0,0.19941604864680143,0.39183808066111236,33.826432313434,-9.82833845611434,37,24811,Walking
1928,4,2026-08-30 12:23:01.960 +0200,13,0,0.1475799793862101,0.27466638425315615,36.18031651639669,-9.223667222599223,37,24823,Standing
1929,4,2026-08-30 12:23:02.960 +0200,12,0,0.3041939502835537,0.6228930139824749,37.214577251794545,-6.632824499054835,37,24836,Walking
1930,4,2026-08-30 12:23:03.960 +0200,13,0,0.22592606226153872,0.45100208488794447,41.6695667078174,-10.505473340565725,37,24848,Walking
1931,4,2026-08-30 12:23:04.960 +0200,12,0,0.3408716993482119,0.6969856251379515,44.24799366574505,-13.956666902908346,37,24861,Walking
1932,4,2026-08-30 12:23:05.960 +0200,13,0,0.3927101570432971,0.8155134563101833,42.06733036672262,-7.767819079410821,37,24873,Walking
1933,4,2026-08-30 12:23:06.960 +0200,12,0,0.6494416729292039,1.1061465811045108,39.487128354662836,-2.586734062652884,37,24886,Trotting
1934,4,2026-08-30 12:23:07.960 +0200,13,0,0.5772754913253023,1.2056260555672067,32.182537760306836,-0.5050674358504824,37,24898,Trotting
1935,4,2026-08-30 12:23:08.960 +0200,12,0,0.3186595458022913,0.8642019421328081,33.55437975236339,-1.1245917473303078,37,24911,Walking
1936,4,2026-08-30 12:23:09.960 +0200,13,0,0.33024290917735755,0.6535720136887003,39.39924376900188,-4.84414687950658,37,24923,Walking
1937,4,2026-08-30 12:23:10.960 +0200,12,0,0.4111964909124389,0.6166581220571834,37.311220866222165,-6.216413082845446,37,24936,Walking
1938,4,2026-08-30 12:23:11.960 +0200,13,0,0.6954949686646528,1.0149635883786015,31.408065050261754,-4.7638840207835225,37,24948,Trotting
1939,4,2026-08-30 12:23:12.960 +0200,12,0,0.6253679990454347,0.8820958815784142,21.154343786071994,-0.17598275303394673,37,24961,Trotting
1940,4,2026-08-30 12:23:13.960 +0200,13,0,0.5821124208249571,1.0646097222446103,17.91066614011214,3.117505057302684,37,24973,Trotting
1941,4,2026-08-30 12:23:14.960 +0200,12,0,0.5678446195762027,1.0960850943497542,19.667535501656335,1.6528632765711053,37,24986,Trotting
1942,4,2026-08-30 12:23:15.960 +0200,13,0,0.45577075506752335,0.9247562663919702,20.0151983985289,0.25401492398814074,37,24998,Walking
1943,4,2026-08-30 12:23:16.960 +0200,12,0,0.4351323952678057,1.095579674659646,24.348424019650338,1.2583286386751507,37,25011,Walking
1944,4,2026-08-30 12:23:17.960 +0200,13,0,0.32047084202665854,0.8598783522056854,37.0678310698857,-0.8108643069337482,37,25023,Walking
1945,4,2026-08-30 12:23:18.960 +0200,12,0,0.30403368023607796,0.5784921426997799,44.673506310498425,-2.8008032402678764,37,25036,Walking
1946,4,2026-08-30 12:23:19.960 +0200,13,0,0.3470490263663174,0.8171466976650369,41.44093218373701,-1.6569633726745538,37,25048,Walking
1947,4,2026-08-30 12:23:20.960 +0200,12,0,0.25547097834453014,0.41647740822115314,37.11977397046257,-0.4218972119702586,37,25061,Walking
1948,4,2026-08-30 12:23:21.960 +0200,13,0,0.2802420036830176,0.4267301534318397,31.882214490238898,-0.5051571982740106,37,25073,Walking
1949,4,2026-08-30 12:23:22.960 +0200,11,0,0.44258971664827557,1.056250216128536,18.26256785311756,-2.459260493179603,38,25101,Walking
1982,4,2026-08-30 12:23:55.960 +0200,13,0,0.48853086440706844,0.9761742850674984,16.08291075938749,8.100092573238074,38,25526,Trotting
1983,4,2026-08-30 12:23:56.960 +0200,12,0,0.45875999064424017,1.0752183864241547,17.042958331008297,6.526744001105683,38,25539,Walking
1984,4,2026-08-30 12:23:57.960 +0200,13,0,0.3166549997830754,0.6262346750466791,23.993031266618654,6.43414990047226,38,25551,Walking
1985,4,2026-08-30 12:23:58.960 +0200,12,0,0.3699284566318211,0.5423948046437206,25.079919548376182,7.762430815841422,38,25564,Walking
1986,4,2026-08-30 12:23:59.960 +0200,13,0,0.3572157192532665,0.8444421073314117,21.686573504746722,7.8015141565918205,38,25576,Walking
1987,4,2026-08-30 12:24:00.960 +0200,12,0,0.4277627360437224,0.6977435526459416,19.93771550163198,7.486496733853738,38,25589,Walking
1988,4,2026-08-30 12:24:01.960 +0200,13,0,0.4596133869628021,0.9203093768133203,19.049755852359983,7.509387728123859,38,25601,Walking
1989,4,2026-08-30 12:24:02.960 +0200,12,0,0.4687773184279131,0.8834221696552398,19.91770573995815,7.569784453643308,38,25614,Walking
1990,4,2026-08-30 12:24:03.960 +0200,13,0,0.38471251180817795,0.9703074689971184,20.96947956512796,6.651717068712601,38,25626,Walking
1991,4,2026-08-30 12:24:04.960 +0200,12,0,0.4542807528533616,0.7155628901352369,21.98215229129534,5.592414157154431,38,25639,Walking
1992,4,2026-08-30 12:24:05.960 +0200,13,0,0.37663533990485765,0.6351669111870294,22.191872448742686,4.6880044019596285,38,25651,Walking
1993,4,2026-08-30 12:24:06.960 +0200,12,0,0.37024539637050896,0.52704768800137,22.47476558308344,5.908709668100385,38,25664,Walking
1994,4,2026-08-30 12:24:07.960 +0200,13,0,0.3059230059313325,0.5238899306916434,24.35153534588633,6.218845839788419,38,25676,Walking
1995,4,2026-08-30 12:24:08.960 +0200,12,0,0.43650044300252794,0.6060431944101258,23.996851606934012,6.1328115422824,38,25689,Walking
1996,4,2026-08-30 12:24:09.960 +0200,13,0,0.39141264711814705,0.6953396375182292,20.673876113581326,8.331858516206552,38,25701,Walking
1997,4,2026-08-30 12:24:10.960 +0200,12,0,0.3076874240302435,0.49204586846836573,19.493681419629606,8.62484396912311,38,25714,Walking
1998,4,2026-08-30 12:24:11.960 +0200,13,0,0.3352874702383316,0.8390254790594142,18.66102063744266,9.324423653736904,38,25726,Walking
1999,4,2026-08-30 12:24:12.960 +0200,12,0,0.3372566422533789,0.570332492843728,16.347790194682613,6.147994089156419,38,25739,Walking
2000,4,2026-08-30 12:24:13.960 +0200,13,0,0.39254529521679643,0.8171827442913367,16.38671512397665,2.0390227644634042,38,25751,Walking
2001,4,2026-08-30 12:24:14.960 +0200,14,0,0.3272870875132562,0.5407975244387865,16.461771501540653,7.604912636014464,39,25764,Walking
2025,4,2026-08-30 12:24:37.960 +0200,12,0,0.5317167654856572,0.6999869683619411,50.84363408866381,-6.549339210836696,39,26053,Walking
2026,4,2026-08-30 12:24:38.960 +0200,13,0,0.36734509201058674,0.5149344372218968,28.037554778517435,2.296223674197302,39,26065,Walking
2027,4,2026-08-30 12:24:39.960 +0200,12,0,0.21856435218006662,0.34629072252834187,13.614056287066612,10.378612335258175,39,26078,Walking
2028,4,2026-08-30 12:24:41.960 +0200,11,0,0.22788282505103483,0.4665714789137873,12.090585773441678,16.993812044534817,39,26118,Walking
2029,4,2026-08-30 12:24:42.960 +0200,13,0,0.30914451687525585,0.4477689868594944,9.849526808903597,12.461000063192943,39,26129,Walking
2030,4,2026-08-30 12:24:43.960 +0200,12,0,0.345215762834788,0.5738982944575848,12.30439743162158,8.600926634612362,39,26142,Walking
2031,4,2026-08-30 12:24:44.960 +0200,13,0,0.3468932031760198,0.646990194153509,15.21716369786651,4.2420325352407495,39,26154,Walking
2032,4,2026-08-30 12:24:45.960 +0200,12,0,0.22642500009410982,0.4450791835521225,17.5924164249792,5.540636920511241,39,26167,Walking
2033,4,2026-08-30 12:24:46.960 +0200,13,0,0.3930932077925061,0.6748904558409012,17.71310418012718,4.746967697033967,39,26179,Walking
2034,4,2026-08-30 12:24:47.960 +0200,12,0,0.5412238256269061,0.7716832421756052,3.99279975249075,-4.257825298546233,39,26192,Trotting
2035,4,2026-08-30 12:24:48.960 +0200,13,0,0.5731322385924877,0.8167605987914353,-17.180577442741203,-2.669006002819126,39,26204,Trotting
2036,4,2026-08-30 12:24:49.960 +0200,12,0,0.20900060607496992,0.42586338627069764,-33.7098226509546,11.04081061888605,39,26217,Walking
2037,4,2026-08-30 12:24:50.960 +0200,13,0,0.0460881343866611,0.08886032661530792,-41.27246452423351,17.32518878341486,39,26229,Standing
2038,4,2026-08-30 12:24:51.960 +0200,12,0,0.03406713721019842,0.06605831287435529,-41.41140820122535,16.528245213075646,39,26242,Standing
2039,4,2026-08-30 12:24:52.960 +0200,13,0,0.022286067828920213,0.05102626158048546,-41.46707860641265,16.419488572109874,39,26254,Standing
2040,4,2026-08-30 12:24:53.960 +0200,12,0,0.03251128188898506,0.05612400864573079,-41.8406337505489,16.438118440825356,39,26267,Standing
2041,4,2026-08-30 12:24:54.960 +0200,13,0,0.04037064216331085,0.06646805236765951,-42.18396505440342,16.540624271662786,39,26279,Standing
2042,4,2026-08-30 12:24:55.960 +0200,12,0,0.03579372513755224,0.08988050395681686,-41.905326607898324,16.556751321815483,39,26292,Standing
2043,4,2026-08-30 12:24:56.960 +0200,13,0,0.055154734161363766,0.12400382376743348,-41.57483071066219,16.728636258747308,39,26304,Standing
2044,4,2026-08-30 12:24:57.960 +0200,12,0,0.04855745992718336,0.08084905527208133,-41.62610464275023,16.518555137411628,39,26317,Standing
2045,4,2026-08-30 12:24:58.960 +0200,13,0,0.049423146782658134,0.0705723817999772,-41.57271991289274,16.112781614511977,39,26329,Standing
2046,4,2026-08-30 12:24:59.960 +0200,12,0,0.04524690926456861,0.10338442094581196,-41.373315055008256,16.152107464667733,39,26342,Standing
2047,4,2026-08-30 12:25:00.960 +0200,13,0,0.03971394236213445,0.07288179955405734,-40.876437050798486,16.134301018105123,39,26354,Standing
2048,4,2026-08-30 12:25:01.960 +0200,12,0,0.03926836455728963,0.06492238197174618,-40.28864721553021,15.270344471469556,39,26367,Standing
2049,4,2026-08-30 12:25:02.960 +0200,13,0,0.035272140588891415,0.07388651739663285,-40.025926872356756,14.239592714690705,39,26379,Standing
2050,4,2026-08-30 12:25:03.960 +0200,12,0,0.03612921857282109,0.05729764534937188,-40.36932020189044,13.770485940106248,39,26392,Standing
2051,4,2026-08-30 12:25:04.960 +0200,13,0,0.04603864554639252,0.10744476518371619,-41.31587893192654,13.56530198895869,39,26404,Standing
2052,4,2026-08-30 12:25:05.960 +0200,12,0,0.03143095084449175,0.05562942101558029,-42.04400426835912,13.36608510152705,39,26417,Standing
2053,4,2026-08-30 12:25:06.960 +0200,13,0,0.033009162432999256,0.0499192372372931,-42.21578344030196,13.272352466718349,39,26429,Standing
2112,4,2026-08-30 12:26:04.960 +0200,13,0,0.010555604178666734,0.022491880117305504,2.7793413823344246,-2.649041166744301,41,27196,Standing
2054,4,2026-08-30 12:25:07.960 +0200,11,0,0.09565801229894454,0.1525809508944857,0.7778673218421908,12.01461994379031,40,26457,Lying chest
2108,4,2026-08-30 12:26:00.960 +0200,13,0,0.014916491617710866,0.045915982085511294,2.7653044803077385,-2.53115596672525,41,27146,Standing
2109,4,2026-08-30 12:26:01.960 +0200,12,0,0.009393139271276966,0.015693029698135647,2.778988862670776,-2.6061829415513733,41,27159,Standing
2110,4,2026-08-30 12:26:02.960 +0200,13,0,0.010082514546811777,0.027214668992829625,2.820471998032791,-2.635877255290046,41,27171,Standing
2111,4,2026-08-30 12:26:03.960 +0200,12,0,0.010087568030731743,0.018835884489715043,2.8444384623816714,-2.6664279463367278,41,27184,Standing
2113,4,2026-08-30 12:26:05.960 +0200,12,0,0.008793182976667235,0.01995624763352559,2.660693240332099,-2.6901414768312626,41,27209,Standing
2114,4,2026-08-30 12:26:06.960 +0200,13,0,0.011803697809134105,0.026501035148268237,2.6365678845561797,-2.77749978152572,41,27221,Standing
2115,4,2026-08-30 12:26:07.960 +0200,12,0,0.00856587767590704,0.020605630738403553,2.6751045260028783,-2.6982801767851297,41,27234,Standing
2116,4,2026-08-30 12:26:08.960 +0200,13,0,0.007785377486249806,0.015722454567320587,2.73949243187559,-2.5832194796421155,41,27246,Standing
2117,4,2026-08-30 12:26:09.960 +0200,12,0,0.01787546535530424,0.05358860402661751,2.8739914343455073,-2.6907764089372495,41,27259,Standing
2118,4,2026-08-30 12:26:10.960 +0200,13,0,0.04461193369075477,0.2170242096409217,2.4743462508393588,-2.878159206633919,41,27271,Standing
2119,4,2026-08-30 12:26:11.960 +0200,12,0,0.01647998654116331,0.023863978693104415,1.9870098381985086,-2.99592612695542,41,27284,Standing
2120,4,2026-08-30 12:26:12.960 +0200,13,0,0.01415665852036763,0.023912343264682785,2.328680600321735,-2.8176741959716685,41,27296,Standing
2121,4,2026-08-30 12:26:13.960 +0200,12,0,0.007876066806523446,0.016880300890197892,2.8319059852135617,-2.581616127957748,41,27309,Standing
2122,4,2026-08-30 12:26:14.960 +0200,13,0,0.07473693381005245,0.4533184878054953,3.3739574675472874,-1.8228747680156139,41,27321,Walking
2123,4,2026-08-30 12:26:15.960 +0200,12,0,0.04188536927765122,0.15648754693719336,3.2228225905923833,-1.9168399187745198,41,27334,Standing
2124,4,2026-08-30 12:26:16.960 +0200,13,0,0.10840705385673378,0.6787793772049777,2.7353910194446014,-2.5191887813831975,41,27346,Walking
2125,4,2026-08-30 12:26:17.960 +0200,12,0,0.05157694613872336,0.09053239023572289,2.803743058907372,-2.5408698554734865,41,27359,Standing
2126,4,2026-08-30 12:26:18.960 +0200,13,0,0.0211601023130236,0.07446102856918752,2.7623369923787067,-2.759894400279464,41,27371,Standing
2127,4,2026-08-30 12:26:19.960 +0200,12,0,0.008816476036963384,0.015039649060192855,2.7710799697007555,-2.667602104682738,41,27384,Standing
2128,4,2026-08-30 12:26:20.960 +0200,13,0,0.0107183437251636,0.01764462653863397,2.901129161554155,-2.6306000123170312,41,27396,Standing
2076,4,2026-08-30 12:25:28.960 +0200,13,0,0.27880045419857874,0.5199544011122809,11.462389261346534,14.470856692944396,40,26718,Walking
2077,4,2026-08-30 12:25:29.960 +0200,12,0,0.19704812921691886,0.36256870200815794,6.542151662055133,7.613871449865964,40,26731,Walking
2078,4,2026-08-30 12:25:30.960 +0200,13,0,0.09340359522009747,0.16383110229231732,4.1146414376497145,6.243761896063777,40,26743,Standing
2079,4,2026-08-30 12:25:31.960 +0200,12,0,0.14538956055889066,0.26817979426127225,3.4844965992530494,7.409765426788856,40,26756,Walking
2080,4,2026-08-30 12:25:33.960 +0200,11,0,0.25838693536197416,0.4715193753458198,-8.98843372080293,7.494968033517958,40,26796,Walking
2081,4,2026-08-30 12:25:34.960 +0200,13,0,0.4460693239605992,0.5961424416904668,-4.364351097714594,-6.103373747959501,40,26807,Walking
2082,4,2026-08-30 12:25:35.960 +0200,12,0,0.2717909749604464,0.49848481860713684,5.744053719144247,-20.561414886164716,40,26820,Walking
2083,4,2026-08-30 12:25:36.960 +0200,13,0,0.45121529960970996,0.8454875723852071,14.90749226226838,-18.305058703112874,40,26832,Walking
2084,4,2026-08-30 12:25:37.960 +0200,12,0,0.5283052856410476,0.7967107335592759,16.400045010598145,4.504952813824574,40,26845,Trotting
2085,4,2026-08-30 12:25:38.960 +0200,13,0,0.3199321518719393,0.4517879108276475,11.19331169220822,20.076885649020895,40,26857,Walking
2086,4,2026-08-30 12:25:39.960 +0200,12,0,0.3827151954526688,0.9271524053681166,16.230277242625036,14.829690367458014,40,26870,Walking
2087,4,2026-08-30 12:25:40.960 +0200,13,0,0.9701682279704646,2.264804377981763,21.44659458296937,11.783514572095582,40,26882,Trotting
2088,4,2026-08-30 12:25:41.960 +0200,12,0,0.9863402676145742,1.3620101308284809,23.624276930164267,53.10523281870553,40,26895,Trotting
2089,4,2026-08-30 12:25:42.960 +0200,13,0,0.9101939206521428,1.1088410539235491,9.092443973922313,66.36014165058887,40,26907,Trotting
2090,4,2026-08-30 12:25:43.960 +0200,12,0,0.29219050565712124,0.5775663214124599,1.9749605415055689,13.955928169831951,40,26920,Walking
2091,4,2026-08-30 12:25:44.960 +0200,13,0,0.022981323556451057,0.06593030031500054,2.6215687584608895,-1.7597208261854362,40,26932,Standing
2092,4,2026-08-30 12:25:45.960 +0200,12,0,0.008744014451804593,0.016512072828082338,2.7567276248595367,-2.674849703063364,40,26945,Standing
2093,4,2026-08-30 12:25:46.960 +0200,13,0,0.009496886496679237,0.016484642569011065,2.7189902285158305,-2.6764857240429603,40,26957,Standing
2094,4,2026-08-30 12:25:47.960 +0200,12,0,0.00799411859742683,0.01278520328036387,2.7576317327017112,-2.693156579221254,40,26970,Standing
2095,4,2026-08-30 12:25:48.960 +0200,13,0,0.009113259751367106,0.01957500104648397,2.775244405943201,-2.6651835189151516,40,26982,Standing
2096,4,2026-08-30 12:25:49.960 +0200,12,0,0.010110715386650211,0.016045383254027174,2.696248536953449,-2.580403390028574,40,26995,Standing
2097,4,2026-08-30 12:25:50.960 +0200,13,0,0.008788160256214086,0.01741971605549064,2.604394498229685,-2.615115616401393,40,27007,Standing
2098,4,2026-08-30 12:25:51.960 +0200,12,0,0.01026540074491023,0.020623671749000528,2.6546181960778292,-2.6865085458379934,40,27020,Standing
2099,4,2026-08-30 12:25:52.960 +0200,13,0,0.013305486957808903,0.023513800464705963,2.7266049953189775,-2.6210426663331647,40,27032,Standing
2100,4,2026-08-30 12:25:53.960 +0200,12,0,0.016785023677017598,0.08289805099487799,2.8444578543615777,-2.601086667827115,40,27045,Standing
2101,4,2026-08-30 12:25:54.960 +0200,13,0,0.009452524330915297,0.01698400401225247,2.89258916364007,-2.6795628030543766,40,27057,Standing
2102,4,2026-08-30 12:25:55.960 +0200,12,0,0.23709580746098805,1.8702589375244496,0.1818620100655177,-2.0108470247801176,40,27070,Walking
2103,4,2026-08-30 12:25:56.960 +0200,13,0,0.07100365201295972,0.08291368183597463,-0.6054727703539629,-1.5686548168035481,40,27082,Standing
2104,4,2026-08-30 12:25:57.960 +0200,12,0,0.026799092098551816,0.08704284056594284,2.052591065947063,-2.225575297939312,40,27095,Standing
2105,4,2026-08-30 12:25:58.960 +0200,13,0,0.0092006771915902,0.020230780322704194,2.7938730822942364,-2.6363354709507716,40,27107,Standing
2106,4,2026-08-30 12:25:59.960 +0200,11,0,0.005874199711078465,0.013645188649129947,2.724445357767905,-2.3430923243900836,41,27135,Standing
2129,4,2026-08-30 12:26:21.960 +0200,12,0,0.007736828911551252,0.016513609792997583,2.9027400784923376,-2.626240027580071,41,27409,Standing
2130,4,2026-08-30 12:26:22.960 +0200,13,0,0.009861625989018701,0.014630325717077135,2.8084878512913716,-2.6209259123465682,41,27421,Standing
2131,4,2026-08-30 12:26:23.960 +0200,12,0,0.008199296831348303,0.01293749432402408,2.7921177220623536,-2.6975536943467926,41,27434,Standing
2132,4,2026-08-30 12:26:24.960 +0200,13,0,0.010685927379558972,0.01701289736741236,2.785123396347449,-2.7640859647928737,41,27446,Standing
2133,4,2026-08-30 12:26:25.960 +0200,14,0,0.05864905322330433,0.6576584084157645,2.9183905636512506,-2.5654349990067975,41,27459,Walking
2134,4,2026-08-30 12:26:26.960 +0200,12,0,0.6445132344917898,2.1092711445629053,-9.373478927840173,-6.548740341374614,41,27473,Trotting
2135,4,2026-08-30 12:26:27.960 +0200,13,0,0.34990681376126925,0.5027325161037742,-7.645964147877118,-4.648321554140022,41,27485,Walking
2136,4,2026-08-30 12:26:28.960 +0200,12,0,0.43790216079339417,0.7615767839115153,2.832921186464825,4.57351220321459,41,27498,Walking
2137,4,2026-08-30 12:26:29.960 +0200,13,0,0.3586208774341818,0.5441288790013558,-1.2460556621790106,13.123386460806612,41,27510,Walking
2138,4,2026-08-30 12:26:30.960 +0200,12,0,0.563177936085465,0.8126891544679886,-9.250184792150447,21.931962699305938,41,27523,Trotting
2139,4,2026-08-30 12:26:31.960 +0200,13,0,1.0133302859975435,2.8816535334515807,-19.875106000809527,39.3355120082711,41,27535,Trotting
2140,4,2026-08-30 12:26:32.960 +0200,12,0,0.8827836577852444,1.2457353147628312,-3.338780910477546,46.19891034381487,41,27548,Trotting
2141,4,2026-08-30 12:26:33.960 +0200,13,0,0.46964066253119796,0.8553738809734619,10.280913635234839,17.48860382515463,41,27560,Walking
2142,4,2026-08-30 12:26:34.960 +0200,12,0,0.5017823447732361,0.8175612765716341,-3.8351451425292624,14.398989575373351,41,27573,Trotting
2143,4,2026-08-30 12:26:35.960 +0200,13,0,0.6452271819511713,1.302591887644849,-7.184379263111813,42.01059546448045,41,27585,Trotting
2144,4,2026-08-30 12:26:36.960 +0200,12,0,1.2187296830633467,1.7363593750620638,-13.392608296961628,68.64062040291581,41,27598,Trotting
2145,4,2026-08-30 12:26:37.960 +0200,13,0,0.5243715138058448,0.954956605209939,-34.132641461000176,17.004062813086083,41,27610,Trotting
2146,4,2026-08-30 12:26:38.960 +0200,12,0,0.31103327751635873,0.6654862026336301,-51.77927864621436,-7.0848364440382285,41,27623,Walking
2147,4,2026-08-30 12:26:39.960 +0200,13,0,0.5808922076364855,0.881190246801778,-54.24624439400787,-16.167953669569094,41,27635,Walking
2148,4,2026-08-30 12:26:40.960 +0200,12,0,0.25797995407095337,0.9737283092869273,-39.866079155256195,-34.19057384465947,41,27648,Walking
2149,4,2026-08-30 12:26:41.960 +0200,13,0,0.2880120214471145,1.9304986813122549,-35.24730187717854,-40.89497130785612,41,27660,Walking
2150,4,2026-08-30 12:26:42.960 +0200,12,0,0.26499344161746946,1.1864245911718698,-37.2272508415053,-38.184834363072305,41,27673,Walking
2151,4,2026-08-30 12:26:43.960 +0200,13,0,0.41260573321952354,0.9306772622292184,-36.09855333641332,-35.97622233070997,41,27685,Walking
2152,4,2026-08-30 12:26:44.960 +0200,12,0,0.6266669021750552,0.8334890333648726,-57.86101661892723,-17.765282316053064,41,27698,Walking
2153,4,2026-08-30 12:26:45.960 +0200,13,0,1.4005848381219201,3.7389456032901003,-65.10402840025196,10.370296096855308,41,27710,Trotting
2154,4,2026-08-30 12:26:46.960 +0200,12,0,1.6591972393073158,2.958602811321508,-29.813761374683306,41.405619373170744,41,27723,Trotting
2155,4,2026-08-30 12:26:47.960 +0200,13,0,1.368902473653408,5.259957300264859,9.668054362069242,44.942068084193686,41,27735,Trotting
2156,4,2026-08-30 12:26:48.960 +0200,12,0,0.8825340521701189,1.3555095623896927,-8.385379099131322,-10.926741197482409,41,27748,Trotting
2157,4,2026-08-30 12:26:49.960 +0200,13,0,1.0288932078623452,3.132272469347037,-26.578194729203076,-40.40801747935267,41,27760,Trotting
2158,4,2026-08-30 12:26:50.960 +0200,12,0,1.7483839465972837,6.389890203474767,-8.20968084632127,-31.238089720247867,41,27773,Trotting
2159,4,2026-08-30 12:26:51.960 +0200,13,0,1.6435001334588035,5.2212869600481495,5.874979234390025,-6.558393781159838,41,27785,Trotting
2160,4,2026-08-30 12:26:52.960 +0200,1,0,0.23458687917379523,0.23458687917379523,5.8428043147104765,-2.298929484528047,41,27798,Walking
